resume_text,job_description,label
"Experienced professional with 10 years of experience. Skilled in networking, monitoring, linux, terraform. Worked on multiple projects involving docker, aws. Strong background in devops engineer.","We are looking for a DevOps Engineer with strong skills in networking, linux, kubernetes, ci/cd. The candidate should have experience with jenkins, terraform and a background in devops engineer.",1
"Experienced professional with 1 years of experience. Skilled in seo, copywriting, email marketing, content strategy. Worked on multiple projects involving copywriting, branding. Strong background in digital marketer.","We are looking for a Digital Marketer with strong skills in google ads, seo, email marketing, copywriting. The candidate should have experience with google ads, copywriting and a background in digital marketer.",1
"Experienced professional with 5 years of experience. Skilled in monitoring, ci/cd, terraform, kubernetes. Worked on multiple projects involving linux, monitoring. Strong background in devops engineer.","We are looking for a Frontend Developer with strong skills in javascript, responsive design, redux, css. The candidate should have experience with ui/ux, typescript and a background in frontend developer.",0
"Experienced professional with 6 years of experience. Skilled in terraform, monitoring, jenkins, linux. Worked on multiple projects involving redux, typescript. Strong background in devops engineer.","We are looking for a Frontend Developer with strong skills in typescript, javascript, css, responsive design. The candidate should have experience with html, javascript and a background in frontend developer.",0
"Experienced professional with 2 years of experience. Skilled in redux, responsive design, typescript, webpack. Worked on multiple projects involving html, typescript. Strong background in frontend developer.","We are looking for a Digital Marketer with strong skills in seo, google ads, email marketing, social media. The candidate should have experience with seo, copywriting and a background in digital marketer.",0
"Experienced professional with 9 years of experience. Skilled in jenkins, docker, terraform, kubernetes. Worked on multiple projects involving docker, terraform. Strong background in devops engineer.","We are looking for a Data Scientist with strong skills in machine learning, data visualization, scikit-learn, pandas. The candidate should have experience with numpy, statistics and a background in data scientist.",0
"Experienced professional with 9 years of experience. Skilled in redux, css, react, javascript. Worked on multiple projects involving css, typescript. Strong background in frontend developer.","We are looking for a Frontend Developer with strong skills in redux, css, javascript, html. The candidate should have experience with javascript, responsive design and a background in frontend developer.",1
"Experienced professional with 6 years of experience. Skilled in seo, content strategy, email marketing, copywriting. Worked on multiple projects involving google ads, branding. Strong background in digital marketer.","We are looking for a DevOps Engineer with strong skills in aws, jenkins, docker, kubernetes. The candidate should have experience with monitoring, kubernetes and a background in devops engineer.",0
"Experienced professional with 8 years of experience. Skilled in webpack, javascript, typescript, ui/ux. Worked on multiple projects involving html, react. Strong background in frontend developer.","We are looking for a Frontend Developer with strong skills in webpack, responsive design, typescript, react. The candidate should have experience with responsive design, typescript and a background in frontend developer.",1
"Experienced professional with 6 years of experience. Skilled in react, redux, ui/ux, css. Worked on multiple projects involving react, ui/ux. Strong background in frontend developer.","We are looking for a Frontend Developer with strong skills in react, javascript, html, responsive design. The candidate should have experience with redux, typescript and a background in frontend developer.",1
"Experienced professional with 4 years of experience. Skilled in numpy, pandas, data visualization, sql. Worked on multiple projects involving terraform, html. Strong background in data scientist.","We are looking for a Data Scientist with strong skills in deep learning, pandas, data visualization, numpy. The candidate should have experience with data visualization, machine learning and a background in data scientist.",1
"Experienced professional with 4 years of experience. Skilled in docker, aws, kubernetes, networking. Worked on multiple projects involving kubernetes, networking. Strong background in devops engineer.","We are looking for a DevOps Engineer with strong skills in ci/cd, jenkins, aws, monitoring. The candidate should have experience with monitoring, docker and a background in devops engineer.",1
"Experienced professional with 5 years of experience. Skilled in monitoring, jenkins, ci/cd, linux. Worked on multiple projects involving ci/cd, aws. Strong background in devops engineer.","We are looking for a DevOps Engineer with strong skills in kubernetes, aws, networking, docker. The candidate should have experience with ci/cd, terraform and a background in devops engineer.",1
"Experienced professional with 9 years of experience. Skilled in statistics, numpy, deep learning, pandas. Worked on multiple projects involving machine learning, pandas. Strong background in data scientist.","We are looking for a Data Scientist with strong skills in machine learning, scikit-learn, pandas, numpy. The candidate should have experience with statistics, pandas and a background in data scientist.",1
"Experienced professional with 8 years of experience. Skilled in numpy, pandas, scikit-learn, statistics. Worked on multiple projects involving deep learning, statistics. Strong background in data scientist.","We are looking for a Digital Marketer with strong skills in content strategy, email marketing, analytics, seo. The candidate should have experience with google ads, email marketing and a background in digital marketer.",0
"Experienced professional with 8 years of experience. Skilled in monitoring, docker, linux, kubernetes. Worked on multiple projects involving networking, linux. Strong background in devops engineer.","We are looking for a Data Scientist with strong skills in statistics, scikit-learn, machine learning, numpy. The candidate should have experience with numpy, scikit-learn and a background in data scientist.",0
"Experienced professional with 7 years of experience. Skilled in ui/ux, react, css, redux. Worked on multiple projects involving responsive design, redux. Strong background in frontend developer.","We are looking for a Frontend Developer with strong skills in react, typescript, redux, html. The candidate should have experience with javascript, css and a background in frontend developer.",1
"Experienced professional with 2 years of experience. Skilled in html, webpack, javascript, typescript. Worked on multiple projects involving css, react. Strong background in frontend developer.","We are looking for a Data Scientist with strong skills in sql, data visualization, numpy, machine learning. The candidate should have experience with statistics, scikit-learn and a background in data scientist.",0
"Experienced professional with 9 years of experience. Skilled in email marketing, analytics, copywriting, google ads. Worked on multiple projects involving content strategy, analytics. Strong background in digital marketer.","We are looking for a DevOps Engineer with strong skills in aws, jenkins, linux, ci/cd. The candidate should have experience with kubernetes, docker and a background in devops engineer.",0
"Experienced professional with 9 years of experience. Skilled in google ads, analytics, copywriting, branding. Worked on multiple projects involving branding, seo. Strong background in digital marketer.","We are looking for a Digital Marketer with strong skills in content strategy, branding, analytics, social media. The candidate should have experience with analytics, seo and a background in digital marketer.",1
"Experienced professional with 5 years of experience. Skilled in social media, branding, google ads, analytics. Worked on multiple projects involving content strategy, social media. Strong background in digital marketer.","We are looking for a Digital Marketer with strong skills in analytics, seo, copywriting, branding. The candidate should have experience with copywriting, content strategy and a background in digital marketer.",1
"Experienced professional with 8 years of experience. Skilled in jenkins, aws, linux, kubernetes. Worked on multiple projects involving docker, terraform. Strong background in devops engineer.","We are looking for a Data Scientist with strong skills in machine learning, pandas, statistics, data visualization. The candidate should have experience with machine learning, pandas and a background in data scientist.",0
"Experienced professional with 7 years of experience. Skilled in analytics, social media, email marketing, copywriting. Worked on multiple projects involving statistics, machine learning. Strong background in digital marketer.","We are looking for a Data Scientist with strong skills in machine learning, deep learning, python, data visualization. The candidate should have experience with data visualization, machine learning and a background in data scientist.",0
"Experienced professional with 1 years of experience. Skilled in branding, email marketing, google ads, copywriting. Worked on multiple projects involving email marketing, copywriting. Strong background in digital marketer.","We are looking for a Digital Marketer with strong skills in copywriting, email marketing, branding, content strategy. The candidate should have experience with seo, email marketing and a background in digital marketer.",1
"Experienced professional with 7 years of experience. Skilled in monitoring, aws, linux, jenkins. Worked on multiple projects involving machine learning, analytics. Strong background in devops engineer.","We are looking for a DevOps Engineer with strong skills in kubernetes, docker, monitoring, jenkins. The candidate should have experience with terraform, monitoring and a background in devops engineer.",1
"Experienced professional with 6 years of experience. Skilled in data visualization, deep learning, scikit-learn, sql. Worked on multiple projects involving data visualization, statistics. Strong background in data scientist.","We are looking for a Data Scientist with strong skills in pandas, sql, machine learning, scikit-learn. The candidate should have experience with pandas, machine learning and a background in data scientist.",1
"Experienced professional with 2 years of experience. Skilled in html, redux, responsive design, javascript. Worked on multiple projects involving redux, html. Strong background in frontend developer.","We are looking for a Frontend Developer with strong skills in javascript, html, typescript, responsive design. The candidate should have experience with css, react and a background in frontend developer.",1
"Experienced professional with 5 years of experience. Skilled in networking, aws, linux, ci/cd. Worked on multiple projects involving terraform, networking. Strong background in devops engineer.","We are looking for a Data Scientist with strong skills in scikit-learn, deep learning, data visualization, python. The candidate should have experience with deep learning, numpy and a background in data scientist.",0
"Experienced professional with 3 years of experience. Skilled in terraform, docker, jenkins, linux. Worked on multiple projects involving linux, kubernetes. Strong background in devops engineer.","We are looking for a Data Scientist with strong skills in machine learning, data visualization, statistics, scikit-learn. The candidate should have experience with data visualization, statistics and a background in data scientist.",0
"Experienced professional with 6 years of experience. Skilled in networking, jenkins, aws, ci/cd. Worked on multiple projects involving kubernetes, monitoring. Strong background in devops engineer.","We are looking for a DevOps Engineer with strong skills in jenkins, terraform, ci/cd, monitoring. The candidate should have experience with terraform, monitoring and a background in devops engineer.",1
"Experienced professional with 10 years of experience. Skilled in statistics, data visualization, deep learning, machine learning. Worked on multiple projects involving deep learning, sql. Strong background in data scientist.","We are looking for a Data Scientist with strong skills in statistics, python, scikit-learn, numpy. The candidate should have experience with data visualization, machine learning and a background in data scientist.",1
"Experienced professional with 10 years of experience. Skilled in monitoring, aws, networking, linux. Worked on multiple projects involving linux, jenkins. Strong background in devops engineer.","We are looking for a Digital Marketer with strong skills in google ads, copywriting, analytics, seo. The candidate should have experience with social media, email marketing and a background in digital marketer.",0
"Experienced professional with 6 years of experience. Skilled in css, responsive design, ui/ux, typescript. Worked on multiple projects involving html, redux. Strong background in frontend developer.","We are looking for a Data Scientist with strong skills in python, data visualization, deep learning, pandas. The candidate should have experience with machine learning, pandas and a background in data scientist.",0
"Experienced professional with 4 years of experience. Skilled in terraform, aws, jenkins, networking. Worked on multiple projects involving email marketing, numpy. Strong background in devops engineer.","We are looking for a DevOps Engineer with strong skills in kubernetes, networking, jenkins, terraform. The candidate should have experience with docker, ci/cd and a background in devops engineer.",1
"Experienced professional with 2 years of experience. Skilled in kubernetes, networking, aws, ci/cd. Worked on multiple projects involving aws, docker. Strong background in devops engineer.","We are looking for a DevOps Engineer with strong skills in monitoring, jenkins, ci/cd, terraform. The candidate should have experience with terraform, aws and a background in devops engineer.",1
"Experienced professional with 10 years of experience. Skilled in responsive design, ui/ux, webpack, redux. Worked on multiple projects involving react, redux. Strong background in frontend developer.","We are looking for a Digital Marketer with strong skills in google ads, social media, content strategy, analytics. The candidate should have experience with seo, analytics and a background in digital marketer.",0
"Experienced professional with 3 years of experience. Skilled in branding, google ads, analytics, copywriting. Worked on multiple projects involving branding, content strategy. Strong background in digital marketer.","We are looking for a Digital Marketer with strong skills in analytics, branding, copywriting, google ads. The candidate should have experience with email marketing, content strategy and a background in digital marketer.",1
"Experienced professional with 6 years of experience. Skilled in terraform, docker, linux, kubernetes. Worked on multiple projects involving docker, jenkins. Strong background in devops engineer.","We are looking for a Data Scientist with strong skills in data visualization, python, sql, numpy. The candidate should have experience with sql, python and a background in data scientist.",0
"Experienced professional with 2 years of experience. Skilled in html, webpack, responsive design, javascript. Worked on multiple projects involving react, typescript. Strong background in frontend developer.","We are looking for a Frontend Developer with strong skills in css, javascript, html, ui/ux. The candidate should have experience with react, typescript and a background in frontend developer.",1
"Experienced professional with 9 years of experience. Skilled in deep learning, sql, numpy, scikit-learn. Worked on multiple projects involving numpy, data visualization. Strong background in data scientist.","We are looking for a Data Scientist with strong skills in machine learning, data visualization, python, statistics. The candidate should have experience with pandas, data visualization and a background in data scientist.",1
"Experienced professional with 5 years of experience. Skilled in google ads, content strategy, email marketing, social media. Worked on multiple projects involving analytics, copywriting. Strong background in digital marketer.","We are looking for a Digital Marketer with strong skills in content strategy, email marketing, branding, seo. The candidate should have experience with email marketing, content strategy and a background in digital marketer.",1
"Experienced professional with 4 years of experience. Skilled in responsive design, html, typescript, redux. Worked on multiple projects involving responsive design, javascript. Strong background in frontend developer.","We are looking for a DevOps Engineer with strong skills in terraform, networking, monitoring, aws. The candidate should have experience with jenkins, aws and a background in devops engineer.",0
"Experienced professional with 8 years of experience. Skilled in statistics, scikit-learn, numpy, machine learning. Worked on multiple projects involving pandas, scikit-learn. Strong background in data scientist.","We are looking for a DevOps Engineer with strong skills in terraform, kubernetes, ci/cd, docker. The candidate should have experience with linux, docker and a background in devops engineer.",0
"Experienced professional with 2 years of experience. Skilled in copywriting, social media, analytics, seo. Worked on multiple projects involving css, redux. Strong background in digital marketer.","We are looking for a Frontend Developer with strong skills in javascript, html, css, redux. The candidate should have experience with javascript, react and a background in frontend developer.",0
"Experienced professional with 2 years of experience. Skilled in deep learning, sql, python, machine learning. Worked on multiple projects involving machine learning, sql. Strong background in data scientist.","We are looking for a DevOps Engineer with strong skills in monitoring, terraform, networking, aws. The candidate should have experience with jenkins, linux and a background in devops engineer.",0
"Experienced professional with 10 years of experience. Skilled in google ads, email marketing, branding, social media. Worked on multiple projects involving analytics, branding. Strong background in digital marketer.","We are looking for a Digital Marketer with strong skills in google ads, branding, content strategy, copywriting. The candidate should have experience with branding, google ads and a background in digital marketer.",1
"Experienced professional with 2 years of experience. Skilled in jenkins, terraform, networking, monitoring. Worked on multiple projects involving linux, ci/cd. Strong background in devops engineer.","We are looking for a Digital Marketer with strong skills in content strategy, analytics, google ads, seo. The candidate should have experience with content strategy, social media and a background in digital marketer.",0
"Experienced professional with 3 years of experience. Skilled in python, sql, data visualization, pandas. Worked on multiple projects involving deep learning, numpy. Strong background in data scientist.","We are looking for a Data Scientist with strong skills in deep learning, statistics, data visualization, python. The candidate should have experience with scikit-learn, statistics and a background in data scientist.",1
"Experienced professional with 2 years of experience. Skilled in aws, monitoring, linux, ci/cd. Worked on multiple projects involving networking, terraform. Strong background in devops engineer.","We are looking for a Data Scientist with strong skills in machine learning, statistics, numpy, scikit-learn. The candidate should have experience with data visualization, scikit-learn and a background in data scientist.",0
"Experienced professional with 2 years of experience. Skilled in webpack, ui/ux, typescript, css. Worked on multiple projects involving python, pandas. Strong background in frontend developer.","We are looking for a Data Scientist with strong skills in numpy, sql, statistics, python. The candidate should have experience with python, machine learning and a background in data scientist.",0
"Experienced professional with 5 years of experience. Skilled in analytics, email marketing, social media, copywriting. Worked on multiple projects involving email marketing, google ads. Strong background in digital marketer.","We are looking for a Digital Marketer with strong skills in social media, google ads, branding, analytics. The candidate should have experience with analytics, email marketing and a background in digital marketer.",1
"Experienced professional with 8 years of experience. Skilled in webpack, react, ui/ux, css. Worked on multiple projects involving css, html. Strong background in frontend developer.","We are looking for a Frontend Developer with strong skills in webpack, html, css, ui/ux. The candidate should have experience with webpack, redux and a background in frontend developer.",1
"Experienced professional with 3 years of experience. Skilled in terraform, monitoring, docker, linux. Worked on multiple projects involving terraform, jenkins. Strong background in devops engineer.","We are looking for a DevOps Engineer with strong skills in monitoring, networking, kubernetes, docker. The candidate should have experience with docker, aws and a background in devops engineer.",1
"Experienced professional with 3 years of experience. Skilled in branding, analytics, social media, google ads. Worked on multiple projects involving content strategy, email marketing. Strong background in digital marketer.","We are looking for a Digital Marketer with strong skills in seo, google ads, content strategy, analytics. The candidate should have experience with content strategy, copywriting and a background in digital marketer.",1
"Experienced professional with 4 years of experience. Skilled in linux, monitoring, ci/cd, kubernetes. Worked on multiple projects involving docker, aws. Strong background in devops engineer.","We are looking for a Frontend Developer with strong skills in typescript, ui/ux, responsive design, redux. The candidate should have experience with webpack, typescript and a background in frontend developer.",0
"Experienced professional with 5 years of experience. Skilled in copywriting, analytics, branding, email marketing. Worked on multiple projects involving copywriting, content strategy. Strong background in digital marketer.","We are looking for a DevOps Engineer with strong skills in linux, ci/cd, terraform, docker. The candidate should have experience with monitoring, linux and a background in devops engineer.",0
"Experienced professional with 2 years of experience. Skilled in python, numpy, scikit-learn, deep learning. Worked on multiple projects involving scikit-learn, sql. Strong background in data scientist.","We are looking for a Data Scientist with strong skills in numpy, pandas, deep learning, scikit-learn. The candidate should have experience with sql, numpy and a background in data scientist.",1
"Experienced professional with 10 years of experience. Skilled in social media, copywriting, analytics, content strategy. Worked on multiple projects involving copywriting, branding. Strong background in digital marketer.","We are looking for a DevOps Engineer with strong skills in linux, kubernetes, jenkins, docker. The candidate should have experience with jenkins, monitoring and a background in devops engineer.",0
"Experienced professional with 7 years of experience. Skilled in ui/ux, javascript, redux, html. Worked on multiple projects involving html, javascript. Strong background in frontend developer.","We are looking for a Frontend Developer with strong skills in redux, html, javascript, ui/ux. The candidate should have experience with css, redux and a background in frontend developer.",1
"Experienced professional with 5 years of experience. Skilled in webpack, ui/ux, typescript, javascript. Worked on multiple projects involving responsive design, html. Strong background in frontend developer.","We are looking for a Data Scientist with strong skills in data visualization, machine learning, pandas, statistics. The candidate should have experience with data visualization, statistics and a background in data scientist.",0
"Experienced professional with 6 years of experience. Skilled in ci/cd, monitoring, kubernetes, networking. Worked on multiple projects involving monitoring, ci/cd. Strong background in devops engineer.","We are looking for a DevOps Engineer with strong skills in kubernetes, monitoring, terraform, ci/cd. The candidate should have experience with docker, jenkins and a background in devops engineer.",1
"Experienced professional with 1 years of experience. Skilled in responsive design, javascript, ui/ux, css. Worked on multiple projects involving typescript, html. Strong background in frontend developer.","We are looking for a DevOps Engineer with strong skills in networking, aws, jenkins, kubernetes. The candidate should have experience with networking, jenkins and a background in devops engineer.",0
"Experienced professional with 4 years of experience. Skilled in social media, google ads, branding, email marketing. Worked on multiple projects involving google ads, email marketing. Strong background in digital marketer.","We are looking for a Frontend Developer with strong skills in javascript, html, css, react. The candidate should have experience with css, react and a background in frontend developer.",0
"Experienced professional with 8 years of experience. Skilled in numpy, pandas, sql, statistics. Worked on multiple projects involving machine learning, statistics. Strong background in data scientist.","We are looking for a Frontend Developer with strong skills in react, css, typescript, responsive design. The candidate should have experience with css, ui/ux and a background in frontend developer.",0
"Experienced professional with 6 years of experience. Skilled in email marketing, copywriting, google ads, social media. Worked on multiple projects involving copywriting, content strategy. Strong background in digital marketer.","We are looking for a Frontend Developer with strong skills in webpack, react, responsive design, ui/ux. The candidate should have experience with ui/ux, webpack and a background in frontend developer.",0
"Experienced professional with 1 years of experience. Skilled in data visualization, machine learning, sql, statistics. Worked on multiple projects involving scikit-learn, machine learning. Strong background in data scientist.","We are looking for a Frontend Developer with strong skills in webpack, css, redux, javascript. The candidate should have experience with redux, responsive design and a background in frontend developer.",0
"Experienced professional with 3 years of experience. Skilled in jenkins, networking, ci/cd, terraform. Worked on multiple projects involving aws, monitoring. Strong background in devops engineer.","We are looking for a DevOps Engineer with strong skills in docker, ci/cd, monitoring, linux. The candidate should have experience with jenkins, linux and a background in devops engineer.",1
"Experienced professional with 10 years of experience. Skilled in redux, css, react, html. Worked on multiple projects involving html, javascript. Strong background in frontend developer.","We are looking for a Frontend Developer with strong skills in webpack, ui/ux, css, javascript. The candidate should have experience with webpack, ui/ux and a background in frontend developer.",1
"Experienced professional with 8 years of experience. Skilled in seo, branding, google ads, email marketing. Worked on multiple projects involving branding, analytics. Strong background in digital marketer.","We are looking for a Digital Marketer with strong skills in email marketing, seo, content strategy, analytics. The candidate should have experience with email marketing, content strategy and a background in digital marketer.",1
"Experienced professional with 9 years of experience. Skilled in ui/ux, webpack, responsive design, typescript. Worked on multiple projects involving javascript, webpack. Strong background in frontend developer.","We are looking for a Frontend Developer with strong skills in typescript, javascript, react, redux. The candidate should have experience with react, ui/ux and a background in frontend developer.",1
"Experienced professional with 5 years of experience. Skilled in webpack, javascript, css, html. Worked on multiple projects involving javascript, responsive design. Strong background in frontend developer.","We are looking for a Frontend Developer with strong skills in responsive design, ui/ux, javascript, react. The candidate should have experience with typescript, webpack and a background in frontend developer.",1
"Experienced professional with 8 years of experience. Skilled in linux, docker, jenkins, monitoring. Worked on multiple projects involving kubernetes, jenkins. Strong background in devops engineer.","We are looking for a DevOps Engineer with strong skills in ci/cd, terraform, linux, networking. The candidate should have experience with monitoring, terraform and a background in devops engineer.",1
"Experienced professional with 9 years of experience. Skilled in email marketing, copywriting, analytics, branding. Worked on multiple projects involving branding, google ads. Strong background in digital marketer.","We are looking for a Data Scientist with strong skills in pandas, scikit-learn, sql, numpy. The candidate should have experience with python, statistics and a background in data scientist.",0
"Experienced professional with 2 years of experience. Skilled in data visualization, deep learning, pandas, python. Worked on multiple projects involving sql, data visualization. Strong background in data scientist.","We are looking for a Data Scientist with strong skills in numpy, pandas, sql, python. The candidate should have experience with pandas, python and a background in data scientist.",1
"Experienced professional with 3 years of experience. Skilled in monitoring, linux, aws, docker. Worked on multiple projects involving javascript, redux. Strong background in devops engineer.","We are looking for a DevOps Engineer with strong skills in terraform, aws, jenkins, monitoring. The candidate should have experience with aws, terraform and a background in devops engineer.",1
"Experienced professional with 2 years of experience. Skilled in social media, email marketing, seo, content strategy. Worked on multiple projects involving email marketing, branding. Strong background in digital marketer.","We are looking for a Digital Marketer with strong skills in copywriting, social media, content strategy, email marketing. The candidate should have experience with branding, social media and a background in digital marketer.",1
"Experienced professional with 1 years of experience. Skilled in analytics, email marketing, seo, google ads. Worked on multiple projects involving analytics, branding. Strong background in digital marketer.","We are looking for a Digital Marketer with strong skills in analytics, copywriting, seo, social media. The candidate should have experience with branding, social media and a background in digital marketer.",1
"Experienced professional with 1 years of experience. Skilled in content strategy, branding, seo, google ads. Worked on multiple projects involving analytics, seo. Strong background in digital marketer.","We are looking for a Frontend Developer with strong skills in redux, react, javascript, typescript. The candidate should have experience with react, javascript and a background in frontend developer.",0
"Experienced professional with 9 years of experience. Skilled in numpy, sql, machine learning, statistics. Worked on multiple projects involving networking, terraform. Strong background in data scientist.","We are looking for a DevOps Engineer with strong skills in aws, kubernetes, terraform, monitoring. The candidate should have experience with kubernetes, aws and a background in devops engineer.",0
"Experienced professional with 9 years of experience. Skilled in google ads, copywriting, seo, branding. Worked on multiple projects involving seo, analytics. Strong background in digital marketer.","We are looking for a Digital Marketer with strong skills in google ads, seo, analytics, branding. The candidate should have experience with seo, content strategy and a background in digital marketer.",1
"Experienced professional with 9 years of experience. Skilled in css, ui/ux, webpack, redux. Worked on multiple projects involving react, css. Strong background in frontend developer.","We are looking for a Frontend Developer with strong skills in redux, react, javascript, responsive design. The candidate should have experience with ui/ux, javascript and a background in frontend developer.",1
"Experienced professional with 2 years of experience. Skilled in aws, linux, ci/cd, jenkins. Worked on multiple projects involving ci/cd, jenkins. Strong background in devops engineer.","We are looking for a DevOps Engineer with strong skills in networking, monitoring, aws, linux. The candidate should have experience with aws, monitoring and a background in devops engineer.",1
"Experienced professional with 3 years of experience. Skilled in content strategy, social media, copywriting, seo. Worked on multiple projects involving copywriting, google ads. Strong background in digital marketer.","We are looking for a Digital Marketer with strong skills in analytics, copywriting, branding, content strategy. The candidate should have experience with social media, content strategy and a background in digital marketer.",1
"Experienced professional with 10 years of experience. Skilled in typescript, webpack, redux, ui/ux. Worked on multiple projects involving react, css. Strong background in frontend developer.","We are looking for a Data Scientist with strong skills in statistics, machine learning, numpy, pandas. The candidate should have experience with machine learning, numpy and a background in data scientist.",0
"Experienced professional with 6 years of experience. Skilled in copywriting, email marketing, google ads, content strategy. Worked on multiple projects involving copywriting, seo. Strong background in digital marketer.","We are looking for a Digital Marketer with strong skills in analytics, google ads, copywriting, branding. The candidate should have experience with analytics, content strategy and a background in digital marketer.",1
"Experienced professional with 4 years of experience. Skilled in branding, copywriting, email marketing, analytics. Worked on multiple projects involving social media, copywriting. Strong background in digital marketer.","We are looking for a DevOps Engineer with strong skills in kubernetes, jenkins, monitoring, networking. The candidate should have experience with aws, ci/cd and a background in devops engineer.",0
"Experienced professional with 3 years of experience. Skilled in statistics, data visualization, sql, scikit-learn. Worked on multiple projects involving webpack, ui/ux. Strong background in data scientist.","We are looking for a Frontend Developer with strong skills in webpack, html, ui/ux, typescript. The candidate should have experience with html, typescript and a background in frontend developer.",0
"Experienced professional with 5 years of experience. Skilled in jenkins, aws, linux, ci/cd. Worked on multiple projects involving linux, docker. Strong background in devops engineer.","We are looking for a DevOps Engineer with strong skills in monitoring, linux, terraform, jenkins. The candidate should have experience with networking, docker and a background in devops engineer.",1
"Experienced professional with 4 years of experience. Skilled in pandas, data visualization, scikit-learn, sql. Worked on multiple projects involving statistics, data visualization. Strong background in data scientist.","We are looking for a Frontend Developer with strong skills in typescript, webpack, react, redux. The candidate should have experience with css, ui/ux and a background in frontend developer.",0
"Experienced professional with 4 years of experience. Skilled in machine learning, deep learning, sql, numpy. Worked on multiple projects involving html, webpack. Strong background in data scientist.","We are looking for a Data Scientist with strong skills in machine learning, python, statistics, pandas. The candidate should have experience with numpy, deep learning and a background in data scientist.",1
"Experienced professional with 7 years of experience. Skilled in react, ui/ux, webpack, javascript. Worked on multiple projects involving seo, social media. Strong background in frontend developer.","We are looking for a Digital Marketer with strong skills in branding, content strategy, email marketing, analytics. The candidate should have experience with social media, email marketing and a background in digital marketer.",0
"Experienced professional with 5 years of experience. Skilled in networking, monitoring, kubernetes, aws. Worked on multiple projects involving monitoring, terraform. Strong background in devops engineer.","We are looking for a Frontend Developer with strong skills in redux, typescript, ui/ux, css. The candidate should have experience with css, webpack and a background in frontend developer.",0
"Experienced professional with 9 years of experience. Skilled in deep learning, scikit-learn, data visualization, statistics. Worked on multiple projects involving pandas, data visualization. Strong background in data scientist.","We are looking for a Frontend Developer with strong skills in responsive design, javascript, typescript, css. The candidate should have experience with typescript, react and a background in frontend developer.",0
"Experienced professional with 2 years of experience. Skilled in numpy, statistics, data visualization, pandas. Worked on multiple projects involving sql, python. Strong background in data scientist.","We are looking for a Digital Marketer with strong skills in analytics, email marketing, branding, content strategy. The candidate should have experience with copywriting, google ads and a background in digital marketer.",0
"Experienced professional with 4 years of experience. Skilled in redux, html, css, responsive design. Worked on multiple projects involving react, javascript. Strong background in frontend developer.","We are looking for a DevOps Engineer with strong skills in aws, docker, linux, monitoring. The candidate should have experience with terraform, jenkins and a background in devops engineer.",0
"Experienced professional with 1 years of experience. Skilled in email marketing, analytics, copywriting, seo. Worked on multiple projects involving content strategy, seo. Strong background in digital marketer.","We are looking for a Digital Marketer with strong skills in content strategy, analytics, email marketing, google ads. The candidate should have experience with social media, analytics and a background in digital marketer.",1
"Experienced professional with 9 years of experience. Skilled in seo, branding, google ads, analytics. Worked on multiple projects involving analytics, branding. Strong background in digital marketer.","We are looking for a Frontend Developer with strong skills in javascript, webpack, css, typescript. The candidate should have experience with ui/ux, typescript and a background in frontend developer.",0
"Experienced professional with 5 years of experience. Skilled in kubernetes, terraform, linux, monitoring. Worked on multiple projects involving linux, networking. Strong background in devops engineer.","We are looking for a Frontend Developer with strong skills in redux, webpack, css, typescript. The candidate should have experience with css, javascript and a background in frontend developer.",0
"Experienced professional with 5 years of experience. Skilled in ui/ux, responsive design, redux, html. Worked on multiple projects involving html, ui/ux. Strong background in frontend developer.","We are looking for a Frontend Developer with strong skills in webpack, javascript, typescript, redux. The candidate should have experience with css, redux and a background in frontend developer.",1
"Experienced professional with 3 years of experience. Skilled in webpack, html, javascript, redux. Worked on multiple projects involving deep learning, branding. Strong background in frontend developer.","We are looking for a Frontend Developer with strong skills in webpack, typescript, ui/ux, css. The candidate should have experience with javascript, react and a background in frontend developer.",1
"Experienced professional with 7 years of experience. Skilled in html, react, responsive design, redux. Worked on multiple projects involving html, react. Strong background in frontend developer.","We are looking for a Frontend Developer with strong skills in webpack, ui/ux, css, html. The candidate should have experience with webpack, responsive design and a background in frontend developer.",1
"Experienced professional with 7 years of experience. Skilled in google ads, content strategy, email marketing, copywriting. Worked on multiple projects involving sql, numpy. Strong background in digital marketer.","We are looking for a Data Scientist with strong skills in pandas, sql, machine learning, deep learning. The candidate should have experience with machine learning, statistics and a background in data scientist.",0
"Experienced professional with 5 years of experience. Skilled in typescript, webpack, javascript, responsive design. Worked on multiple projects involving ui/ux, javascript. Strong background in frontend developer.","We are looking for a DevOps Engineer with strong skills in linux, kubernetes, jenkins, monitoring. The candidate should have experience with docker, monitoring and a background in devops engineer.",0
"Experienced professional with 2 years of experience. Skilled in css, javascript, ui/ux, html. Worked on multiple projects involving css, ui/ux. Strong background in frontend developer.","We are looking for a DevOps Engineer with strong skills in terraform, linux, aws, jenkins. The candidate should have experience with docker, aws and a background in devops engineer.",0
"Experienced professional with 9 years of experience. Skilled in google ads, email marketing, social media, seo. Worked on multiple projects involving seo, social media. Strong background in digital marketer.","We are looking for a DevOps Engineer with strong skills in terraform, kubernetes, jenkins, monitoring. The candidate should have experience with docker, terraform and a background in devops engineer.",0
"Experienced professional with 1 years of experience. Skilled in kubernetes, docker, jenkins, linux. Worked on multiple projects involving email marketing, social media. Strong background in devops engineer.","We are looking for a Digital Marketer with strong skills in branding, copywriting, analytics, seo. The candidate should have experience with seo, social media and a background in digital marketer.",0
"Experienced professional with 2 years of experience. Skilled in docker, aws, jenkins, networking. Worked on multiple projects involving terraform, linux. Strong background in devops engineer.","We are looking for a Frontend Developer with strong skills in ui/ux, css, javascript, react. The candidate should have experience with html, javascript and a background in frontend developer.",0
"Experienced professional with 7 years of experience. Skilled in scikit-learn, data visualization, numpy, deep learning. Worked on multiple projects involving deep learning, python. Strong background in data scientist.","We are looking for a Digital Marketer with strong skills in content strategy, social media, analytics, copywriting. The candidate should have experience with email marketing, analytics and a background in digital marketer.",0
"Experienced professional with 3 years of experience. Skilled in numpy, pandas, deep learning, scikit-learn. Worked on multiple projects involving scikit-learn, python. Strong background in data scientist.","We are looking for a Data Scientist with strong skills in data visualization, machine learning, python, statistics. The candidate should have experience with deep learning, python and a background in data scientist.",1
"Experienced professional with 8 years of experience. Skilled in google ads, seo, content strategy, email marketing. Worked on multiple projects involving branding, google ads. Strong background in digital marketer.","We are looking for a Data Scientist with strong skills in scikit-learn, machine learning, numpy, sql. The candidate should have experience with pandas, sql and a background in data scientist.",0
"Experienced professional with 3 years of experience. Skilled in email marketing, social media, copywriting, branding. Worked on multiple projects involving branding, copywriting. Strong background in digital marketer.","We are looking for a Digital Marketer with strong skills in content strategy, social media, google ads, seo. The candidate should have experience with social media, email marketing and a background in digital marketer.",1
"Experienced professional with 2 years of experience. Skilled in docker, linux, aws, monitoring. Worked on multiple projects involving networking, monitoring. Strong background in devops engineer.","We are looking for a Digital Marketer with strong skills in email marketing, social media, content strategy, analytics. The candidate should have experience with social media, content strategy and a background in digital marketer.",0
"Experienced professional with 5 years of experience. Skilled in pandas, sql, deep learning, data visualization. Worked on multiple projects involving statistics, numpy. Strong background in data scientist.","We are looking for a Data Scientist with strong skills in sql, machine learning, data visualization, pandas. The candidate should have experience with machine learning, deep learning and a background in data scientist.",1
"Experienced professional with 3 years of experience. Skilled in social media, analytics, branding, content strategy. Worked on multiple projects involving social media, analytics. Strong background in digital marketer.","We are looking for a Frontend Developer with strong skills in webpack, javascript, typescript, css. The candidate should have experience with ui/ux, javascript and a background in frontend developer.",0
"Experienced professional with 2 years of experience. Skilled in linux, terraform, monitoring, networking. Worked on multiple projects involving jenkins, linux. Strong background in devops engineer.","We are looking for a DevOps Engineer with strong skills in monitoring, terraform, ci/cd, networking. The candidate should have experience with monitoring, ci/cd and a background in devops engineer.",1
"Experienced professional with 9 years of experience. Skilled in machine learning, python, numpy, statistics. Worked on multiple projects involving pandas, scikit-learn. Strong background in data scientist.","We are looking for a Data Scientist with strong skills in sql, numpy, scikit-learn, machine learning. The candidate should have experience with sql, deep learning and a background in data scientist.",1
"Experienced professional with 4 years of experience. Skilled in numpy, sql, statistics, deep learning. Worked on multiple projects involving pandas, data visualization. Strong background in data scientist.","We are looking for a Data Scientist with strong skills in python, numpy, deep learning, scikit-learn. The candidate should have experience with statistics, machine learning and a background in data scientist.",1
"Experienced professional with 3 years of experience. Skilled in networking, linux, kubernetes, monitoring. Worked on multiple projects involving kubernetes, ci/cd. Strong background in devops engineer.","We are looking for a DevOps Engineer with strong skills in monitoring, linux, aws, networking. The candidate should have experience with linux, aws and a background in devops engineer.",1
"Experienced professional with 7 years of experience. Skilled in networking, terraform, monitoring, ci/cd. Worked on multiple projects involving aws, docker. Strong background in devops engineer.","We are looking for a Frontend Developer with strong skills in javascript, redux, react, responsive design. The candidate should have experience with ui/ux, css and a background in frontend developer.",0
"Experienced professional with 7 years of experience. Skilled in jenkins, networking, aws, docker. Worked on multiple projects involving docker, linux. Strong background in devops engineer.","We are looking for a DevOps Engineer with strong skills in linux, aws, docker, terraform. The candidate should have experience with linux, docker and a background in devops engineer.",1
"Experienced professional with 8 years of experience. Skilled in jenkins, aws, ci/cd, linux. Worked on multiple projects involving aws, kubernetes. Strong background in devops engineer.","We are looking for a Digital Marketer with strong skills in branding, email marketing, copywriting, seo. The candidate should have experience with copywriting, seo and a background in digital marketer.",0
"Experienced professional with 8 years of experience. Skilled in webpack, javascript, react, css. Worked on multiple projects involving ui/ux, react. Strong background in frontend developer.","We are looking for a Digital Marketer with strong skills in content strategy, copywriting, seo, social media. The candidate should have experience with branding, google ads and a background in digital marketer.",0
"Experienced professional with 3 years of experience. Skilled in seo, branding, email marketing, content strategy. Worked on multiple projects involving content strategy, social media. Strong background in digital marketer.","We are looking for a Digital Marketer with strong skills in analytics, email marketing, social media, copywriting. The candidate should have experience with google ads, copywriting and a background in digital marketer.",1
"Experienced professional with 3 years of experience. Skilled in analytics, email marketing, branding, seo. Worked on multiple projects involving google ads, email marketing. Strong background in digital marketer.","We are looking for a Digital Marketer with strong skills in copywriting, email marketing, analytics, content strategy. The candidate should have experience with content strategy, google ads and a background in digital marketer.",1
"Experienced professional with 5 years of experience. Skilled in statistics, sql, deep learning, pandas. Worked on multiple projects involving analytics, ci/cd. Strong background in data scientist.","We are looking for a Data Scientist with strong skills in sql, numpy, data visualization, scikit-learn. The candidate should have experience with machine learning, numpy and a background in data scientist.",1
"Experienced professional with 2 years of experience. Skilled in linux, terraform, monitoring, networking. Worked on multiple projects involving react, webpack. Strong background in devops engineer.","We are looking for a DevOps Engineer with strong skills in linux, kubernetes, ci/cd, docker. The candidate should have experience with networking, aws and a background in devops engineer.",1
"Experienced professional with 2 years of experience. Skilled in react, typescript, webpack, ui/ux. Worked on multiple projects involving css, typescript. Strong background in frontend developer.","We are looking for a Frontend Developer with strong skills in responsive design, ui/ux, html, webpack. The candidate should have experience with responsive design, react and a background in frontend developer.",1
"Experienced professional with 6 years of experience. Skilled in copywriting, content strategy, analytics, branding. Worked on multiple projects involving copywriting, seo. Strong background in digital marketer.","We are looking for a Digital Marketer with strong skills in social media, copywriting, branding, google ads. The candidate should have experience with content strategy, copywriting and a background in digital marketer.",1
"Experienced professional with 5 years of experience. Skilled in data visualization, machine learning, scikit-learn, pandas. Worked on multiple projects involving scikit-learn, deep learning. Strong background in data scientist.","We are looking for a Data Scientist with strong skills in numpy, statistics, python, deep learning. The candidate should have experience with python, scikit-learn and a background in data scientist.",1
"Experienced professional with 7 years of experience. Skilled in data visualization, pandas, python, sql. Worked on multiple projects involving statistics, sql. Strong background in data scientist.","We are looking for a Digital Marketer with strong skills in google ads, copywriting, email marketing, analytics. The candidate should have experience with social media, analytics and a background in digital marketer.",0
"Experienced professional with 5 years of experience. Skilled in docker, networking, linux, jenkins. Worked on multiple projects involving networking, jenkins. Strong background in devops engineer.","We are looking for a DevOps Engineer with strong skills in linux, monitoring, networking, aws. The candidate should have experience with terraform, docker and a background in devops engineer.",1
"Experienced professional with 1 years of experience. Skilled in html, redux, css, ui/ux. Worked on multiple projects involving html, webpack. Strong background in frontend developer.","We are looking for a Frontend Developer with strong skills in typescript, responsive design, redux, ui/ux. The candidate should have experience with ui/ux, redux and a background in frontend developer.",1
"Experienced professional with 8 years of experience. Skilled in data visualization, statistics, sql, pandas. Worked on multiple projects involving scikit-learn, sql. Strong background in data scientist.","We are looking for a Data Scientist with strong skills in python, data visualization, pandas, statistics. The candidate should have experience with deep learning, pandas and a background in data scientist.",1
"Experienced professional with 8 years of experience. Skilled in machine learning, scikit-learn, numpy, deep learning. Worked on multiple projects involving statistics, python. Strong background in data scientist.","We are looking for a DevOps Engineer with strong skills in aws, monitoring, jenkins, ci/cd. The candidate should have experience with monitoring, aws and a background in devops engineer.",0
"Experienced professional with 4 years of experience. Skilled in networking, terraform, ci/cd, monitoring. Worked on multiple projects involving google ads, pandas. Strong background in devops engineer.","We are looking for a DevOps Engineer with strong skills in monitoring, linux, docker, terraform. The candidate should have experience with monitoring, kubernetes and a background in devops engineer.",1
"Experienced professional with 8 years of experience. Skilled in content strategy, email marketing, social media, branding. Worked on multiple projects involving analytics, copywriting. Strong background in digital marketer.","We are looking for a DevOps Engineer with strong skills in jenkins, aws, kubernetes, terraform. The candidate should have experience with aws, monitoring and a background in devops engineer.",0
"Experienced professional with 3 years of experience. Skilled in kubernetes, docker, aws, terraform. Worked on multiple projects involving deep learning, html. Strong background in devops engineer.","We are looking for a DevOps Engineer with strong skills in aws, terraform, kubernetes, jenkins. The candidate should have experience with aws, networking and a background in devops engineer.",1
"Experienced professional with 3 years of experience. Skilled in python, pandas, scikit-learn, machine learning. Worked on multiple projects involving scikit-learn, machine learning. Strong background in data scientist.","We are looking for a Data Scientist with strong skills in sql, python, machine learning, pandas. The candidate should have experience with sql, statistics and a background in data scientist.",1
"Experienced professional with 1 years of experience. Skilled in docker, jenkins, terraform, kubernetes. Worked on multiple projects involving kubernetes, linux. Strong background in devops engineer.","We are looking for a DevOps Engineer with strong skills in monitoring, docker, kubernetes, linux. The candidate should have experience with networking, kubernetes and a background in devops engineer.",1
"Experienced professional with 4 years of experience. Skilled in python, data visualization, numpy, deep learning. Worked on multiple projects involving statistics, sql. Strong background in data scientist.","We are looking for a DevOps Engineer with strong skills in ci/cd, networking, kubernetes, aws. The candidate should have experience with terraform, kubernetes and a background in devops engineer.",0
"Experienced professional with 10 years of experience. Skilled in css, html, typescript, react. Worked on multiple projects involving react, html. Strong background in frontend developer.","We are looking for a Frontend Developer with strong skills in html, redux, responsive design, javascript. The candidate should have experience with javascript, responsive design and a background in frontend developer.",1
"Experienced professional with 10 years of experience. Skilled in analytics, social media, copywriting, seo. Worked on multiple projects involving content strategy, email marketing. Strong background in digital marketer.","We are looking for a Digital Marketer with strong skills in content strategy, copywriting, branding, email marketing. The candidate should have experience with email marketing, google ads and a background in digital marketer.",1
"Experienced professional with 3 years of experience. Skilled in responsive design, typescript, webpack, react. Worked on multiple projects involving javascript, react. Strong background in frontend developer.","We are looking for a DevOps Engineer with strong skills in monitoring, kubernetes, docker, terraform. The candidate should have experience with ci/cd, monitoring and a background in devops engineer.",0
"Experienced professional with 10 years of experience. Skilled in docker, linux, terraform, networking. Worked on multiple projects involving networking, monitoring. Strong background in devops engineer.","We are looking for a DevOps Engineer with strong skills in monitoring, kubernetes, linux, jenkins. The candidate should have experience with networking, terraform and a background in devops engineer.",1
"Experienced professional with 1 years of experience. Skilled in copywriting, content strategy, seo, analytics. Worked on multiple projects involving analytics, branding. Strong background in digital marketer.","We are looking for a Frontend Developer with strong skills in html, redux, ui/ux, css. The candidate should have experience with ui/ux, javascript and a background in frontend developer.",0
"Experienced professional with 3 years of experience. Skilled in monitoring, docker, networking, kubernetes. Worked on multiple projects involving docker, aws. Strong background in devops engineer.","We are looking for a DevOps Engineer with strong skills in aws, terraform, ci/cd, docker. The candidate should have experience with kubernetes, jenkins and a background in devops engineer.",1
"Experienced professional with 5 years of experience. Skilled in content strategy, analytics, seo, branding. Worked on multiple projects involving jenkins, ci/cd. Strong background in digital marketer.","We are looking for a Digital Marketer with strong skills in seo, copywriting, analytics, email marketing. The candidate should have experience with analytics, seo and a background in digital marketer.",1
"Experienced professional with 10 years of experience. Skilled in statistics, machine learning, deep learning, sql. Worked on multiple projects involving sql, deep learning. Strong background in data scientist.","We are looking for a Frontend Developer with strong skills in css, redux, ui/ux, webpack. The candidate should have experience with responsive design, javascript and a background in frontend developer.",0
"Experienced professional with 6 years of experience. Skilled in analytics, seo, content strategy, email marketing. Worked on multiple projects involving react, numpy. Strong background in digital marketer.","We are looking for a Digital Marketer with strong skills in analytics, email marketing, copywriting, seo. The candidate should have experience with copywriting, google ads and a background in digital marketer.",1
"Experienced professional with 7 years of experience. Skilled in javascript, react, css, responsive design. Worked on multiple projects involving webpack, typescript. Strong background in frontend developer.","We are looking for a Frontend Developer with strong skills in redux, typescript, responsive design, html. The candidate should have experience with responsive design, react and a background in frontend developer.",1
"Experienced professional with 6 years of experience. Skilled in react, webpack, ui/ux, redux. Worked on multiple projects involving google ads, deep learning. Strong background in frontend developer.","We are looking for a Frontend Developer with strong skills in html, ui/ux, react, webpack. The candidate should have experience with html, javascript and a background in frontend developer.",1
"Experienced professional with 6 years of experience. Skilled in html, javascript, redux, typescript. Worked on multiple projects involving react, redux. Strong background in frontend developer.","We are looking for a DevOps Engineer with strong skills in jenkins, monitoring, networking, terraform. The candidate should have experience with linux, docker and a background in devops engineer.",0
"Experienced professional with 1 years of experience. Skilled in social media, copywriting, branding, analytics. Worked on multiple projects involving seo, email marketing. Strong background in digital marketer.","We are looking for a Frontend Developer with strong skills in react, webpack, ui/ux, html. The candidate should have experience with responsive design, css and a background in frontend developer.",0
"Experienced professional with 7 years of experience. Skilled in python, statistics, numpy, sql. Worked on multiple projects involving data visualization, python. Strong background in data scientist.","We are looking for a DevOps Engineer with strong skills in ci/cd, monitoring, terraform, jenkins. The candidate should have experience with jenkins, kubernetes and a background in devops engineer.",0
"Experienced professional with 3 years of experience. Skilled in numpy, sql, statistics, machine learning. Worked on multiple projects involving jenkins, terraform. Strong background in data scientist.","We are looking for a DevOps Engineer with strong skills in docker, networking, terraform, linux. The candidate should have experience with ci/cd, kubernetes and a background in devops engineer.",0
"Experienced professional with 8 years of experience. Skilled in css, html, webpack, typescript. Worked on multiple projects involving redux, responsive design. Strong background in frontend developer.","We are looking for a DevOps Engineer with strong skills in ci/cd, terraform, aws, monitoring. The candidate should have experience with kubernetes, networking and a background in devops engineer.",0
"Experienced professional with 6 years of experience. Skilled in numpy, statistics, sql, python. Worked on multiple projects involving scikit-learn, python. Strong background in data scientist.","We are looking for a Digital Marketer with strong skills in social media, analytics, seo, copywriting. The candidate should have experience with content strategy, analytics and a background in digital marketer.",0
"Experienced professional with 2 years of experience. Skilled in react, webpack, responsive design, css. Worked on multiple projects involving redux, typescript. Strong background in frontend developer.","We are looking for a Digital Marketer with strong skills in social media, content strategy, google ads, seo. The candidate should have experience with email marketing, branding and a background in digital marketer.",0
"Experienced professional with 4 years of experience. Skilled in scikit-learn, python, numpy, statistics. Worked on multiple projects involving pandas, scikit-learn. Strong background in data scientist.","We are looking for a DevOps Engineer with strong skills in networking, terraform, docker, aws. The candidate should have experience with terraform, linux and a background in devops engineer.",0
"Experienced professional with 4 years of experience. Skilled in copywriting, seo, branding, google ads. Worked on multiple projects involving seo, analytics. Strong background in digital marketer.","We are looking for a Data Scientist with strong skills in pandas, data visualization, scikit-learn, deep learning. The candidate should have experience with python, deep learning and a background in data scientist.",0
"Experienced professional with 8 years of experience. Skilled in monitoring, kubernetes, aws, jenkins. Worked on multiple projects involving monitoring, ci/cd. Strong background in devops engineer.","We are looking for a Data Scientist with strong skills in pandas, machine learning, data visualization, numpy. The candidate should have experience with sql, scikit-learn and a background in data scientist.",0
"Experienced professional with 8 years of experience. Skilled in networking, kubernetes, terraform, linux. Worked on multiple projects involving networking, terraform. Strong background in devops engineer.","We are looking for a DevOps Engineer with strong skills in linux, kubernetes, ci/cd, networking. The candidate should have experience with aws, ci/cd and a background in devops engineer.",1
"Experienced professional with 2 years of experience. Skilled in sql, statistics, numpy, deep learning. Worked on multiple projects involving data visualization, scikit-learn. Strong background in data scientist.","We are looking for a Data Scientist with strong skills in machine learning, deep learning, pandas, sql. The candidate should have experience with pandas, machine learning and a background in data scientist.",1
"Experienced professional with 4 years of experience. Skilled in social media, email marketing, copywriting, content strategy. Worked on multiple projects involving google ads, email marketing. Strong background in digital marketer.","We are looking for a DevOps Engineer with strong skills in aws, kubernetes, ci/cd, linux. The candidate should have experience with docker, ci/cd and a background in devops engineer.",0
"Experienced professional with 6 years of experience. Skilled in linux, monitoring, terraform, ci/cd. Worked on multiple projects involving monitoring, kubernetes. Strong background in devops engineer.","We are looking for a DevOps Engineer with strong skills in monitoring, ci/cd, docker, jenkins. The candidate should have experience with terraform, monitoring and a background in devops engineer.",1
"Experienced professional with 1 years of experience. Skilled in monitoring, networking, ci/cd, jenkins. Worked on multiple projects involving kubernetes, ci/cd. Strong background in devops engineer.","We are looking for a DevOps Engineer with strong skills in terraform, aws, linux, monitoring. The candidate should have experience with jenkins, docker and a background in devops engineer.",1
"Experienced professional with 8 years of experience. Skilled in branding, social media, google ads, copywriting. Worked on multiple projects involving copywriting, analytics. Strong background in digital marketer.","We are looking for a DevOps Engineer with strong skills in monitoring, terraform, kubernetes, docker. The candidate should have experience with aws, monitoring and a background in devops engineer.",0
"Experienced professional with 9 years of experience. Skilled in ci/cd, docker, linux, terraform. Worked on multiple projects involving jenkins, kubernetes. Strong background in devops engineer.","We are looking for a DevOps Engineer with strong skills in monitoring, kubernetes, linux, ci/cd. The candidate should have experience with ci/cd, aws and a background in devops engineer.",1
"Experienced professional with 1 years of experience. Skilled in email marketing, branding, google ads, copywriting. Worked on multiple projects involving branding, social media. Strong background in digital marketer.","We are looking for a Data Scientist with strong skills in machine learning, pandas, python, numpy. The candidate should have experience with statistics, deep learning and a background in data scientist.",0
"Experienced professional with 6 years of experience. Skilled in jenkins, monitoring, aws, linux. Worked on multiple projects involving terraform, jenkins. Strong background in devops engineer.","We are looking for a DevOps Engineer with strong skills in linux, ci/cd, aws, kubernetes. The candidate should have experience with jenkins, kubernetes and a background in devops engineer.",1
"Experienced professional with 1 years of experience. Skilled in html, css, responsive design, typescript. Worked on multiple projects involving typescript, css. Strong background in frontend developer.","We are looking for a Digital Marketer with strong skills in social media, branding, copywriting, email marketing. The candidate should have experience with content strategy, seo and a background in digital marketer.",0
"Experienced professional with 3 years of experience. Skilled in linux, monitoring, networking, kubernetes. Worked on multiple projects involving webpack, redux. Strong background in devops engineer.","We are looking for a Frontend Developer with strong skills in html, react, responsive design, css. The candidate should have experience with css, redux and a background in frontend developer.",0
"Experienced professional with 8 years of experience. Skilled in email marketing, google ads, branding, analytics. Worked on multiple projects involving copywriting, analytics. Strong background in digital marketer.","We are looking for a Digital Marketer with strong skills in google ads, seo, social media, analytics. The candidate should have experience with social media, google ads and a background in digital marketer.",1
"Experienced professional with 10 years of experience. Skilled in branding, google ads, content strategy, social media. Worked on multiple projects involving seo, analytics. Strong background in digital marketer.","We are looking for a Digital Marketer with strong skills in copywriting, content strategy, branding, google ads. The candidate should have experience with seo, email marketing and a background in digital marketer.",1
"Experienced professional with 9 years of experience. Skilled in content strategy, seo, email marketing, social media. Worked on multiple projects involving google ads, analytics. Strong background in digital marketer.","We are looking for a DevOps Engineer with strong skills in monitoring, networking, terraform, aws. The candidate should have experience with linux, aws and a background in devops engineer.",0
"Experienced professional with 3 years of experience. Skilled in branding, analytics, seo, google ads. Worked on multiple projects involving email marketing, content strategy. Strong background in digital marketer.","We are looking for a Digital Marketer with strong skills in google ads, branding, content strategy, email marketing. The candidate should have experience with analytics, social media and a background in digital marketer.",1
"Experienced professional with 5 years of experience. Skilled in numpy, deep learning, pandas, scikit-learn. Worked on multiple projects involving data visualization, machine learning. Strong background in data scientist.","We are looking for a Frontend Developer with strong skills in react, typescript, javascript, responsive design. The candidate should have experience with typescript, css and a background in frontend developer.",0
"Experienced professional with 6 years of experience. Skilled in react, responsive design, css, typescript. Worked on multiple projects involving responsive design, ui/ux. Strong background in frontend developer.","We are looking for a Frontend Developer with strong skills in ui/ux, css, typescript, redux. The candidate should have experience with webpack, ui/ux and a background in frontend developer.",1
"Experienced professional with 7 years of experience. Skilled in machine learning, scikit-learn, data visualization, python. Worked on multiple projects involving scikit-learn, machine learning. Strong background in data scientist.","We are looking for a Data Scientist with strong skills in machine learning, scikit-learn, python, pandas. The candidate should have experience with pandas, data visualization and a background in data scientist.",1
"Experienced professional with 2 years of experience. Skilled in aws, ci/cd, terraform, linux. Worked on multiple projects involving docker, terraform. Strong background in devops engineer.","We are looking for a DevOps Engineer with strong skills in aws, monitoring, jenkins, ci/cd. The candidate should have experience with jenkins, ci/cd and a background in devops engineer.",1
"Experienced professional with 5 years of experience. Skilled in css, responsive design, redux, html. Worked on multiple projects involving webpack, css. Strong background in frontend developer.","We are looking for a DevOps Engineer with strong skills in docker, terraform, monitoring, jenkins. The candidate should have experience with aws, jenkins and a background in devops engineer.",0
"Experienced professional with 4 years of experience. Skilled in pandas, sql, scikit-learn, deep learning. Worked on multiple projects involving data visualization, pandas. Strong background in data scientist.","We are looking for a Digital Marketer with strong skills in google ads, content strategy, social media, email marketing. The candidate should have experience with email marketing, seo and a background in digital marketer.",0
"Experienced professional with 5 years of experience. Skilled in numpy, data visualization, sql, machine learning. Worked on multiple projects involving sql, data visualization. Strong background in data scientist.","We are looking for a Data Scientist with strong skills in scikit-learn, pandas, machine learning, deep learning. The candidate should have experience with machine learning, scikit-learn and a background in data scientist.",1
"Experienced professional with 8 years of experience. Skilled in pandas, statistics, scikit-learn, deep learning. Worked on multiple projects involving python, machine learning. Strong background in data scientist.","We are looking for a Frontend Developer with strong skills in css, html, webpack, typescript. The candidate should have experience with typescript, redux and a background in frontend developer.",0
"Experienced professional with 7 years of experience. Skilled in typescript, webpack, html, ui/ux. Worked on multiple projects involving ui/ux, redux. Strong background in frontend developer.","We are looking for a Digital Marketer with strong skills in email marketing, copywriting, seo, analytics. The candidate should have experience with content strategy, seo and a background in digital marketer.",0
"Experienced professional with 1 years of experience. Skilled in content strategy, analytics, copywriting, google ads. Worked on multiple projects involving copywriting, social media. Strong background in digital marketer.","We are looking for a Data Scientist with strong skills in scikit-learn, deep learning, machine learning, numpy. The candidate should have experience with deep learning, pandas and a background in data scientist.",0
"Experienced professional with 7 years of experience. Skilled in kubernetes, linux, docker, terraform. Worked on multiple projects involving networking, docker. Strong background in devops engineer.","We are looking for a Data Scientist with strong skills in scikit-learn, python, sql, pandas. The candidate should have experience with numpy, scikit-learn and a background in data scientist.",0
"Experienced professional with 2 years of experience. Skilled in google ads, social media, content strategy, branding. Worked on multiple projects involving social media, copywriting. Strong background in digital marketer.","We are looking for a Digital Marketer with strong skills in google ads, branding, seo, copywriting. The candidate should have experience with social media, copywriting and a background in digital marketer.",1
"Experienced professional with 3 years of experience. Skilled in typescript, webpack, css, redux. Worked on multiple projects involving redux, responsive design. Strong background in frontend developer.","We are looking for a DevOps Engineer with strong skills in monitoring, ci/cd, terraform, kubernetes. The candidate should have experience with linux, monitoring and a background in devops engineer.",0
"Experienced professional with 9 years of experience. Skilled in machine learning, statistics, scikit-learn, pandas. Worked on multiple projects involving python, data visualization. Strong background in data scientist.","We are looking for a Data Scientist with strong skills in sql, pandas, machine learning, data visualization. The candidate should have experience with machine learning, deep learning and a background in data scientist.",1
"Experienced professional with 10 years of experience. Skilled in seo, analytics, email marketing, branding. Worked on multiple projects involving content strategy, seo. Strong background in digital marketer.","We are looking for a Digital Marketer with strong skills in branding, social media, seo, content strategy. The candidate should have experience with email marketing, branding and a background in digital marketer.",1
"Experienced professional with 2 years of experience. Skilled in social media, seo, analytics, branding. Worked on multiple projects involving typescript, redux. Strong background in digital marketer.","We are looking for a Frontend Developer with strong skills in ui/ux, javascript, html, react. The candidate should have experience with javascript, typescript and a background in frontend developer.",0
"Experienced professional with 10 years of experience. Skilled in kubernetes, ci/cd, docker, networking. Worked on multiple projects involving linux, jenkins. Strong background in devops engineer.","We are looking for a Digital Marketer with strong skills in content strategy, analytics, social media, google ads. The candidate should have experience with google ads, social media and a background in digital marketer.",0
"Experienced professional with 6 years of experience. Skilled in redux, html, ui/ux, responsive design. Worked on multiple projects involving react, javascript. Strong background in frontend developer.","We are looking for a Frontend Developer with strong skills in html, javascript, react, css. The candidate should have experience with redux, typescript and a background in frontend developer.",1
"Experienced professional with 4 years of experience. Skilled in data visualization, sql, scikit-learn, machine learning. Worked on multiple projects involving sql, data visualization. Strong background in data scientist.","We are looking for a Data Scientist with strong skills in deep learning, scikit-learn, data visualization, sql. The candidate should have experience with data visualization, pandas and a background in data scientist.",1
"Experienced professional with 6 years of experience. Skilled in machine learning, data visualization, python, numpy. Worked on multiple projects involving sql, statistics. Strong background in data scientist.","We are looking for a Digital Marketer with strong skills in branding, seo, social media, email marketing. The candidate should have experience with seo, content strategy and a background in digital marketer.",0
"Experienced professional with 2 years of experience. Skilled in ci/cd, networking, linux, aws. Worked on multiple projects involving kubernetes, terraform. Strong background in devops engineer.","We are looking for a DevOps Engineer with strong skills in jenkins, linux, aws, ci/cd. The candidate should have experience with linux, docker and a background in devops engineer.",1
"Experienced professional with 7 years of experience. Skilled in css, html, webpack, typescript. Worked on multiple projects involving css, html. Strong background in frontend developer.","We are looking for a DevOps Engineer with strong skills in terraform, aws, docker, monitoring. The candidate should have experience with linux, jenkins and a background in devops engineer.",0
"Experienced professional with 5 years of experience. Skilled in terraform, monitoring, kubernetes, networking. Worked on multiple projects involving ci/cd, kubernetes. Strong background in devops engineer.","We are looking for a Frontend Developer with strong skills in webpack, css, responsive design, redux. The candidate should have experience with redux, ui/ux and a background in frontend developer.",0
"Experienced professional with 9 years of experience. Skilled in seo, social media, analytics, copywriting. Worked on multiple projects involving content strategy, analytics. Strong background in digital marketer.","We are looking for a DevOps Engineer with strong skills in linux, networking, kubernetes, ci/cd. The candidate should have experience with linux, docker and a background in devops engineer.",0
"Experienced professional with 1 years of experience. Skilled in aws, ci/cd, linux, jenkins. Worked on multiple projects involving terraform, networking. Strong background in devops engineer.","We are looking for a Digital Marketer with strong skills in seo, email marketing, google ads, social media. The candidate should have experience with content strategy, social media and a background in digital marketer.",0
"Experienced professional with 6 years of experience. Skilled in responsive design, redux, html, react. Worked on multiple projects involving webpack, typescript. Strong background in frontend developer.","We are looking for a DevOps Engineer with strong skills in networking, docker, aws, kubernetes. The candidate should have experience with aws, terraform and a background in devops engineer.",0
"Experienced professional with 7 years of experience. Skilled in scikit-learn, python, sql, deep learning. Worked on multiple projects involving numpy, statistics. Strong background in data scientist.","We are looking for a Data Scientist with strong skills in deep learning, machine learning, numpy, sql. The candidate should have experience with numpy, sql and a background in data scientist.",1
"Experienced professional with 5 years of experience. Skilled in pandas, machine learning, numpy, statistics. Worked on multiple projects involving statistics, machine learning. Strong background in data scientist.","We are looking for a Frontend Developer with strong skills in redux, responsive design, css, react. The candidate should have experience with typescript, redux and a background in frontend developer.",0
"Experienced professional with 3 years of experience. Skilled in deep learning, pandas, data visualization, python. Worked on multiple projects involving deep learning, sql. Strong background in data scientist.","We are looking for a Data Scientist with strong skills in numpy, sql, machine learning, pandas. The candidate should have experience with pandas, sql and a background in data scientist.",1
"Experienced professional with 5 years of experience. Skilled in ui/ux, html, javascript, responsive design. Worked on multiple projects involving javascript, webpack. Strong background in frontend developer.","We are looking for a Frontend Developer with strong skills in css, ui/ux, redux, react. The candidate should have experience with css, javascript and a background in frontend developer.",1
"Experienced professional with 6 years of experience. Skilled in networking, docker, monitoring, terraform. Worked on multiple projects involving jenkins, terraform. Strong background in devops engineer.","We are looking for a DevOps Engineer with strong skills in networking, jenkins, docker, aws. The candidate should have experience with monitoring, jenkins and a background in devops engineer.",1
"Experienced professional with 8 years of experience. Skilled in kubernetes, networking, terraform, aws. Worked on multiple projects involving networking, ci/cd. Strong background in devops engineer.","We are looking for a DevOps Engineer with strong skills in kubernetes, terraform, aws, ci/cd. The candidate should have experience with docker, ci/cd and a background in devops engineer.",1
"Experienced professional with 5 years of experience. Skilled in networking, docker, monitoring, linux. Worked on multiple projects involving linux, kubernetes. Strong background in devops engineer.","We are looking for a DevOps Engineer with strong skills in docker, jenkins, monitoring, kubernetes. The candidate should have experience with terraform, docker and a background in devops engineer.",1
"Experienced professional with 8 years of experience. Skilled in numpy, deep learning, scikit-learn, python. Worked on multiple projects involving numpy, pandas. Strong background in data scientist.","We are looking for a Data Scientist with strong skills in deep learning, python, pandas, machine learning. The candidate should have experience with machine learning, python and a background in data scientist.",1
"Experienced professional with 4 years of experience. Skilled in numpy, machine learning, python, statistics. Worked on multiple projects involving sql, machine learning. Strong background in data scientist.","We are looking for a Data Scientist with strong skills in machine learning, scikit-learn, python, sql. The candidate should have experience with sql, statistics and a background in data scientist.",1
"Experienced professional with 8 years of experience. Skilled in deep learning, python, statistics, pandas. Worked on multiple projects involving numpy, deep learning. Strong background in data scientist.","We are looking for a Digital Marketer with strong skills in copywriting, email marketing, social media, branding. The candidate should have experience with google ads, email marketing and a background in digital marketer.",0
"Experienced professional with 2 years of experience. Skilled in kubernetes, monitoring, ci/cd, linux. Worked on multiple projects involving linux, jenkins. Strong background in devops engineer.","We are looking for a DevOps Engineer with strong skills in aws, monitoring, linux, networking. The candidate should have experience with jenkins, docker and a background in devops engineer.",1
"Experienced professional with 2 years of experience. Skilled in machine learning, numpy, scikit-learn, pandas. Worked on multiple projects involving pandas, numpy. Strong background in data scientist.","We are looking for a Data Scientist with strong skills in sql, statistics, machine learning, pandas. The candidate should have experience with pandas, machine learning and a background in data scientist.",1
"Experienced professional with 10 years of experience. Skilled in terraform, docker, aws, networking. Worked on multiple projects involving ci/cd, kubernetes. Strong background in devops engineer.","We are looking for a DevOps Engineer with strong skills in ci/cd, monitoring, linux, docker. The candidate should have experience with networking, ci/cd and a background in devops engineer.",1
"Experienced professional with 9 years of experience. Skilled in react, responsive design, typescript, css. Worked on multiple projects involving ui/ux, webpack. Strong background in frontend developer.","We are looking for a Data Scientist with strong skills in sql, numpy, pandas, statistics. The candidate should have experience with pandas, scikit-learn and a background in data scientist.",0
"Experienced professional with 1 years of experience. Skilled in deep learning, numpy, machine learning, scikit-learn. Worked on multiple projects involving terraform, kubernetes. Strong background in data scientist.","We are looking for a DevOps Engineer with strong skills in ci/cd, terraform, kubernetes, jenkins. The candidate should have experience with terraform, aws and a background in devops engineer.",0
"Experienced professional with 1 years of experience. Skilled in google ads, content strategy, analytics, social media. Worked on multiple projects involving content strategy, branding. Strong background in digital marketer.","We are looking for a DevOps Engineer with strong skills in monitoring, jenkins, terraform, docker. The candidate should have experience with kubernetes, docker and a background in devops engineer.",0
"Experienced professional with 9 years of experience. Skilled in machine learning, python, numpy, sql. Worked on multiple projects involving machine learning, deep learning. Strong background in data scientist.","We are looking for a Data Scientist with strong skills in scikit-learn, pandas, statistics, deep learning. The candidate should have experience with sql, data visualization and a background in data scientist.",1
"Experienced professional with 4 years of experience. Skilled in branding, social media, copywriting, email marketing. Worked on multiple projects involving google ads, branding. Strong background in digital marketer.","We are looking for a Digital Marketer with strong skills in google ads, email marketing, social media, copywriting. The candidate should have experience with branding, copywriting and a background in digital marketer.",1
"Experienced professional with 7 years of experience. Skilled in monitoring, docker, networking, jenkins. Worked on multiple projects involving terraform, kubernetes. Strong background in devops engineer.","We are looking for a DevOps Engineer with strong skills in aws, docker, networking, jenkins. The candidate should have experience with networking, aws and a background in devops engineer.",1
"Experienced professional with 3 years of experience. Skilled in aws, networking, monitoring, linux. Worked on multiple projects involving linux, monitoring. Strong background in devops engineer.","We are looking for a Digital Marketer with strong skills in analytics, content strategy, email marketing, social media. The candidate should have experience with branding, social media and a background in digital marketer.",0
"Experienced professional with 10 years of experience. Skilled in content strategy, seo, branding, email marketing. Worked on multiple projects involving branding, analytics. Strong background in digital marketer.","We are looking for a Digital Marketer with strong skills in content strategy, copywriting, social media, analytics. The candidate should have experience with content strategy, copywriting and a background in digital marketer.",1
"Experienced professional with 10 years of experience. Skilled in networking, terraform, docker, ci/cd. Worked on multiple projects involving networking, terraform. Strong background in devops engineer.","We are looking for a Data Scientist with strong skills in python, scikit-learn, deep learning, sql. The candidate should have experience with deep learning, numpy and a background in data scientist.",0
"Experienced professional with 4 years of experience. Skilled in seo, google ads, copywriting, email marketing. Worked on multiple projects involving linux, react. Strong background in digital marketer.","We are looking for a Digital Marketer with strong skills in social media, content strategy, branding, email marketing. The candidate should have experience with branding, google ads and a background in digital marketer.",1
"Experienced professional with 6 years of experience. Skilled in redux, webpack, css, ui/ux. Worked on multiple projects involving ui/ux, html. Strong background in frontend developer.","We are looking for a Data Scientist with strong skills in sql, numpy, deep learning, statistics. The candidate should have experience with deep learning, numpy and a background in data scientist.",0
"Experienced professional with 3 years of experience. Skilled in python, scikit-learn, pandas, statistics. Worked on multiple projects involving python, sql. Strong background in data scientist.","We are looking for a Digital Marketer with strong skills in analytics, content strategy, social media, seo. The candidate should have experience with seo, analytics and a background in digital marketer.",0
"Experienced professional with 4 years of experience. Skilled in networking, monitoring, linux, jenkins. Worked on multiple projects involving networking, jenkins. Strong background in devops engineer.","We are looking for a DevOps Engineer with strong skills in ci/cd, networking, jenkins, aws. The candidate should have experience with ci/cd, docker and a background in devops engineer.",1
"Experienced professional with 5 years of experience. Skilled in numpy, statistics, sql, deep learning. Worked on multiple projects involving python, numpy. Strong background in data scientist.","We are looking for a Data Scientist with strong skills in deep learning, python, statistics, sql. The candidate should have experience with data visualization, scikit-learn and a background in data scientist.",1
"Experienced professional with 3 years of experience. Skilled in seo, branding, google ads, analytics. Worked on multiple projects involving social media, branding. Strong background in digital marketer.","We are looking for a Digital Marketer with strong skills in branding, seo, content strategy, google ads. The candidate should have experience with analytics, branding and a background in digital marketer.",1
"Experienced professional with 2 years of experience. Skilled in sql, data visualization, pandas, numpy. Worked on multiple projects involving python, statistics. Strong background in data scientist.","We are looking for a Frontend Developer with strong skills in react, html, javascript, css. The candidate should have experience with css, redux and a background in frontend developer.",0
"Experienced professional with 9 years of experience. Skilled in scikit-learn, machine learning, sql, python. Worked on multiple projects involving statistics, machine learning. Strong background in data scientist.","We are looking for a Frontend Developer with strong skills in css, responsive design, ui/ux, typescript. The candidate should have experience with javascript, typescript and a background in frontend developer.",0
"Experienced professional with 5 years of experience. Skilled in aws, monitoring, terraform, networking. Worked on multiple projects involving analytics, seo. Strong background in devops engineer.","We are looking for a Digital Marketer with strong skills in content strategy, google ads, social media, seo. The candidate should have experience with analytics, seo and a background in digital marketer.",0
"Experienced professional with 4 years of experience. Skilled in networking, aws, ci/cd, monitoring. Worked on multiple projects involving docker, terraform. Strong background in devops engineer.","We are looking for a DevOps Engineer with strong skills in aws, ci/cd, terraform, linux. The candidate should have experience with docker, terraform and a background in devops engineer.",1
"Experienced professional with 7 years of experience. Skilled in responsive design, javascript, css, ui/ux. Worked on multiple projects involving responsive design, css. Strong background in frontend developer.","We are looking for a Digital Marketer with strong skills in email marketing, branding, content strategy, google ads. The candidate should have experience with copywriting, analytics and a background in digital marketer.",0
"Experienced professional with 5 years of experience. Skilled in copywriting, content strategy, google ads, seo. Worked on multiple projects involving copywriting, email marketing. Strong background in digital marketer.","We are looking for a Data Scientist with strong skills in machine learning, statistics, pandas, numpy. The candidate should have experience with deep learning, data visualization and a background in data scientist.",0
"Experienced professional with 6 years of experience. Skilled in scikit-learn, deep learning, data visualization, python. Worked on multiple projects involving redux, css. Strong background in data scientist.","We are looking for a Frontend Developer with strong skills in webpack, typescript, css, redux. The candidate should have experience with html, ui/ux and a background in frontend developer.",0
"Experienced professional with 3 years of experience. Skilled in python, machine learning, scikit-learn, data visualization. Worked on multiple projects involving sql, machine learning. Strong background in data scientist.","We are looking for a Data Scientist with strong skills in scikit-learn, data visualization, numpy, pandas. The candidate should have experience with scikit-learn, sql and a background in data scientist.",1
"Experienced professional with 5 years of experience. Skilled in ui/ux, redux, webpack, javascript. Worked on multiple projects involving html, react. Strong background in frontend developer.","We are looking for a Frontend Developer with strong skills in webpack, react, responsive design, css. The candidate should have experience with css, webpack and a background in frontend developer.",1
"Experienced professional with 9 years of experience. Skilled in statistics, python, pandas, scikit-learn. Worked on multiple projects involving pandas, numpy. Strong background in data scientist.","We are looking for a Data Scientist with strong skills in machine learning, deep learning, numpy, data visualization. The candidate should have experience with sql, python and a background in data scientist.",1
"Experienced professional with 9 years of experience. Skilled in html, ui/ux, redux, typescript. Worked on multiple projects involving css, javascript. Strong background in frontend developer.","We are looking for a DevOps Engineer with strong skills in kubernetes, aws, docker, monitoring. The candidate should have experience with kubernetes, ci/cd and a background in devops engineer.",0
"Experienced professional with 1 years of experience. Skilled in responsive design, redux, typescript, webpack. Worked on multiple projects involving typescript, html. Strong background in frontend developer.","We are looking for a Frontend Developer with strong skills in javascript, webpack, responsive design, redux. The candidate should have experience with redux, responsive design and a background in frontend developer.",1
"Experienced professional with 1 years of experience. Skilled in html, ui/ux, webpack, redux. Worked on multiple projects involving html, responsive design. Strong background in frontend developer.","We are looking for a Data Scientist with strong skills in deep learning, python, statistics, pandas. The candidate should have experience with pandas, scikit-learn and a background in data scientist.",0
"Experienced professional with 9 years of experience. Skilled in aws, terraform, monitoring, networking. Worked on multiple projects involving networking, ci/cd. Strong background in devops engineer.","We are looking for a DevOps Engineer with strong skills in ci/cd, networking, kubernetes, linux. The candidate should have experience with linux, docker and a background in devops engineer.",1
"Experienced professional with 1 years of experience. Skilled in seo, google ads, copywriting, content strategy. Worked on multiple projects involving copywriting, email marketing. Strong background in digital marketer.","We are looking for a Frontend Developer with strong skills in responsive design, css, html, javascript. The candidate should have experience with html, javascript and a background in frontend developer.",0
"Experienced professional with 6 years of experience. Skilled in responsive design, redux, css, ui/ux. Worked on multiple projects involving html, typescript. Strong background in frontend developer.","We are looking for a Data Scientist with strong skills in pandas, sql, python, numpy. The candidate should have experience with statistics, scikit-learn and a background in data scientist.",0
"Experienced professional with 5 years of experience. Skilled in content strategy, copywriting, branding, social media. Worked on multiple projects involving social media, branding. Strong background in digital marketer.","We are looking for a Frontend Developer with strong skills in typescript, html, javascript, webpack. The candidate should have experience with responsive design, redux and a background in frontend developer.",0
"Experienced professional with 6 years of experience. Skilled in machine learning, sql, scikit-learn, statistics. Worked on multiple projects involving numpy, pandas. Strong background in data scientist.","We are looking for a Data Scientist with strong skills in data visualization, python, statistics, scikit-learn. The candidate should have experience with sql, pandas and a background in data scientist.",1
"Experienced professional with 7 years of experience. Skilled in numpy, sql, deep learning, scikit-learn. Worked on multiple projects involving kubernetes, analytics. Strong background in data scientist.","We are looking for a Data Scientist with strong skills in python, statistics, pandas, numpy. The candidate should have experience with scikit-learn, numpy and a background in data scientist.",1
"Experienced professional with 2 years of experience. Skilled in redux, javascript, html, responsive design. Worked on multiple projects involving webpack, typescript. Strong background in frontend developer.","We are looking for a Frontend Developer with strong skills in css, html, javascript, ui/ux. The candidate should have experience with javascript, css and a background in frontend developer.",1
"Experienced professional with 1 years of experience. Skilled in data visualization, machine learning, deep learning, scikit-learn. Worked on multiple projects involving data visualization, python. Strong background in data scientist.","We are looking for a Frontend Developer with strong skills in typescript, webpack, react, css. The candidate should have experience with ui/ux, react and a background in frontend developer.",0
"Experienced professional with 4 years of experience. Skilled in numpy, machine learning, pandas, statistics. Worked on multiple projects involving pandas, python. Strong background in data scientist.","We are looking for a Digital Marketer with strong skills in content strategy, branding, social media, google ads. The candidate should have experience with social media, email marketing and a background in digital marketer.",0
"Experienced professional with 7 years of experience. Skilled in jenkins, linux, docker, ci/cd. Worked on multiple projects involving kubernetes, docker. Strong background in devops engineer.","We are looking for a Digital Marketer with strong skills in google ads, content strategy, analytics, copywriting. The candidate should have experience with content strategy, analytics and a background in digital marketer.",0
"Experienced professional with 2 years of experience. Skilled in css, react, ui/ux, html. Worked on multiple projects involving ui/ux, css. Strong background in frontend developer.","We are looking for a Digital Marketer with strong skills in seo, email marketing, content strategy, google ads. The candidate should have experience with copywriting, social media and a background in digital marketer.",0
"Experienced professional with 4 years of experience. Skilled in deep learning, scikit-learn, numpy, pandas. Worked on multiple projects involving numpy, scikit-learn. Strong background in data scientist.","We are looking for a Data Scientist with strong skills in data visualization, pandas, numpy, sql. The candidate should have experience with data visualization, statistics and a background in data scientist.",1
"Experienced professional with 7 years of experience. Skilled in html, javascript, redux, css. Worked on multiple projects involving typescript, webpack. Strong background in frontend developer.","We are looking for a Frontend Developer with strong skills in css, html, typescript, react. The candidate should have experience with javascript, webpack and a background in frontend developer.",1
"Experienced professional with 4 years of experience. Skilled in sql, scikit-learn, pandas, numpy. Worked on multiple projects involving deep learning, pandas. Strong background in data scientist.","We are looking for a Data Scientist with strong skills in machine learning, statistics, sql, pandas. The candidate should have experience with machine learning, sql and a background in data scientist.",1
"Experienced professional with 9 years of experience. Skilled in typescript, ui/ux, redux, webpack. Worked on multiple projects involving html, webpack. Strong background in frontend developer.","We are looking for a DevOps Engineer with strong skills in terraform, docker, ci/cd, aws. The candidate should have experience with ci/cd, networking and a background in devops engineer.",0
"Experienced professional with 7 years of experience. Skilled in react, typescript, webpack, responsive design. Worked on multiple projects involving webpack, typescript. Strong background in frontend developer.","We are looking for a Frontend Developer with strong skills in webpack, html, react, typescript. The candidate should have experience with react, ui/ux and a background in frontend developer.",1
"Experienced professional with 1 years of experience. Skilled in javascript, typescript, redux, webpack. Worked on multiple projects involving html, react. Strong background in frontend developer.","We are looking for a Frontend Developer with strong skills in css, javascript, react, responsive design. The candidate should have experience with webpack, react and a background in frontend developer.",1
"Experienced professional with 1 years of experience. Skilled in statistics, numpy, deep learning, machine learning. Worked on multiple projects involving pandas, machine learning. Strong background in data scientist.","We are looking for a Data Scientist with strong skills in python, deep learning, sql, statistics. The candidate should have experience with data visualization, sql and a background in data scientist.",1
"Experienced professional with 2 years of experience. Skilled in responsive design, typescript, redux, javascript. Worked on multiple projects involving redux, html. Strong background in frontend developer.","We are looking for a Frontend Developer with strong skills in react, javascript, responsive design, ui/ux. The candidate should have experience with html, redux and a background in frontend developer.",1
"Experienced professional with 1 years of experience. Skilled in deep learning, sql, machine learning, numpy. Worked on multiple projects involving numpy, pandas. Strong background in data scientist.","We are looking for a Digital Marketer with strong skills in branding, email marketing, copywriting, content strategy. The candidate should have experience with copywriting, analytics and a background in digital marketer.",0
"Experienced professional with 2 years of experience. Skilled in branding, analytics, seo, social media. Worked on multiple projects involving seo, content strategy. Strong background in digital marketer.","We are looking for a Digital Marketer with strong skills in branding, analytics, social media, content strategy. The candidate should have experience with analytics, google ads and a background in digital marketer.",1
"Experienced professional with 3 years of experience. Skilled in jenkins, docker, terraform, kubernetes. Worked on multiple projects involving aws, ci/cd. Strong background in devops engineer.","We are looking for a DevOps Engineer with strong skills in monitoring, ci/cd, linux, jenkins. The candidate should have experience with monitoring, terraform and a background in devops engineer.",1
"Experienced professional with 10 years of experience. Skilled in machine learning, scikit-learn, python, statistics. Worked on multiple projects involving pandas, python. Strong background in data scientist.","We are looking for a Data Scientist with strong skills in statistics, pandas, deep learning, numpy. The candidate should have experience with machine learning, deep learning and a background in data scientist.",1
"Experienced professional with 5 years of experience. Skilled in aws, docker, networking, kubernetes. Worked on multiple projects involving aws, kubernetes. Strong background in devops engineer.","We are looking for a Frontend Developer with strong skills in css, javascript, webpack, typescript. The candidate should have experience with ui/ux, css and a background in frontend developer.",0
"Experienced professional with 4 years of experience. Skilled in javascript, css, typescript, redux. Worked on multiple projects involving webpack, redux. Strong background in frontend developer.","We are looking for a Digital Marketer with strong skills in seo, google ads, analytics, branding. The candidate should have experience with content strategy, copywriting and a background in digital marketer.",0
"Experienced professional with 1 years of experience. Skilled in numpy, python, pandas, statistics. Worked on multiple projects involving scikit-learn, deep learning. Strong background in data scientist.","We are looking for a Digital Marketer with strong skills in email marketing, seo, social media, content strategy. The candidate should have experience with social media, branding and a background in digital marketer.",0
"Experienced professional with 7 years of experience. Skilled in jenkins, monitoring, ci/cd, kubernetes. Worked on multiple projects involving ci/cd, docker. Strong background in devops engineer.","We are looking for a Frontend Developer with strong skills in react, responsive design, ui/ux, typescript. The candidate should have experience with responsive design, redux and a background in frontend developer.",0
"Experienced professional with 9 years of experience. Skilled in branding, social media, google ads, email marketing. Worked on multiple projects involving google ads, social media. Strong background in digital marketer.","We are looking for a Frontend Developer with strong skills in react, typescript, css, ui/ux. The candidate should have experience with react, typescript and a background in frontend developer.",0
"Experienced professional with 4 years of experience. Skilled in copywriting, social media, email marketing, content strategy. Worked on multiple projects involving social media, email marketing. Strong background in digital marketer.","We are looking for a Digital Marketer with strong skills in content strategy, social media, google ads, seo. The candidate should have experience with branding, copywriting and a background in digital marketer.",1
"Experienced professional with 5 years of experience. Skilled in react, css, ui/ux, html. Worked on multiple projects involving responsive design, redux. Strong background in frontend developer.","We are looking for a Frontend Developer with strong skills in redux, javascript, html, webpack. The candidate should have experience with typescript, ui/ux and a background in frontend developer.",1
"Experienced professional with 4 years of experience. Skilled in monitoring, jenkins, linux, ci/cd. Worked on multiple projects involving kubernetes, docker. Strong background in devops engineer.","We are looking for a Data Scientist with strong skills in python, data visualization, machine learning, scikit-learn. The candidate should have experience with scikit-learn, data visualization and a background in data scientist.",0
"Experienced professional with 5 years of experience. Skilled in ci/cd, networking, aws, jenkins. Worked on multiple projects involving networking, jenkins. Strong background in devops engineer.","We are looking for a DevOps Engineer with strong skills in kubernetes, ci/cd, networking, aws. The candidate should have experience with ci/cd, kubernetes and a background in devops engineer.",1
"Experienced professional with 4 years of experience. Skilled in jenkins, kubernetes, docker, networking. Worked on multiple projects involving jenkins, docker. Strong background in devops engineer.","We are looking for a DevOps Engineer with strong skills in aws, ci/cd, networking, kubernetes. The candidate should have experience with ci/cd, aws and a background in devops engineer.",1
"Experienced professional with 9 years of experience. Skilled in copywriting, email marketing, content strategy, social media. Worked on multiple projects involving email marketing, social media. Strong background in digital marketer.","We are looking for a Digital Marketer with strong skills in seo, social media, content strategy, branding. The candidate should have experience with copywriting, google ads and a background in digital marketer.",1
"Experienced professional with 3 years of experience. Skilled in webpack, typescript, redux, react. Worked on multiple projects involving responsive design, react. Strong background in frontend developer.","We are looking for a Digital Marketer with strong skills in seo, copywriting, branding, content strategy. The candidate should have experience with google ads, content strategy and a background in digital marketer.",0
"Experienced professional with 6 years of experience. Skilled in responsive design, typescript, javascript, redux. Worked on multiple projects involving redux, javascript. Strong background in frontend developer.","We are looking for a Data Scientist with strong skills in python, numpy, deep learning, pandas. The candidate should have experience with sql, scikit-learn and a background in data scientist.",0
"Experienced professional with 8 years of experience. Skilled in redux, typescript, webpack, javascript. Worked on multiple projects involving javascript, webpack. Strong background in frontend developer.","We are looking for a Frontend Developer with strong skills in redux, responsive design, javascript, html. The candidate should have experience with css, ui/ux and a background in frontend developer.",1
"Experienced professional with 1 years of experience. Skilled in deep learning, numpy, statistics, machine learning. Worked on multiple projects involving pandas, machine learning. Strong background in data scientist.","We are looking for a Data Scientist with strong skills in numpy, sql, scikit-learn, statistics. The candidate should have experience with numpy, scikit-learn and a background in data scientist.",1
"Experienced professional with 4 years of experience. Skilled in ui/ux, typescript, webpack, redux. Worked on multiple projects involving redux, css. Strong background in frontend developer.","We are looking for a Frontend Developer with strong skills in redux, typescript, css, react. The candidate should have experience with html, webpack and a background in frontend developer.",1
"Experienced professional with 9 years of experience. Skilled in monitoring, kubernetes, terraform, docker. Worked on multiple projects involving networking, linux. Strong background in devops engineer.","We are looking for a Data Scientist with strong skills in python, sql, machine learning, data visualization. The candidate should have experience with sql, pandas and a background in data scientist.",0
"Experienced professional with 1 years of experience. Skilled in redux, html, react, responsive design. Worked on multiple projects involving css, typescript. Strong background in frontend developer.","We are looking for a Frontend Developer with strong skills in html, react, typescript, redux. The candidate should have experience with webpack, redux and a background in frontend developer.",1
"Experienced professional with 7 years of experience. Skilled in machine learning, statistics, python, deep learning. Worked on multiple projects involving sql, statistics. Strong background in data scientist.","We are looking for a DevOps Engineer with strong skills in kubernetes, linux, monitoring, terraform. The candidate should have experience with jenkins, aws and a background in devops engineer.",0
"Experienced professional with 3 years of experience. Skilled in social media, google ads, email marketing, content strategy. Worked on multiple projects involving google ads, email marketing. Strong background in digital marketer.","We are looking for a Digital Marketer with strong skills in google ads, analytics, email marketing, seo. The candidate should have experience with content strategy, copywriting and a background in digital marketer.",1
"Experienced professional with 6 years of experience. Skilled in webpack, css, responsive design, react. Worked on multiple projects involving redux, typescript. Strong background in frontend developer.","We are looking for a Data Scientist with strong skills in machine learning, data visualization, statistics, scikit-learn. The candidate should have experience with statistics, machine learning and a background in data scientist.",0
"Experienced professional with 1 years of experience. Skilled in email marketing, branding, social media, seo. Worked on multiple projects involving seo, copywriting. Strong background in digital marketer.","We are looking for a Data Scientist with strong skills in sql, machine learning, deep learning, statistics. The candidate should have experience with pandas, deep learning and a background in data scientist.",0
"Experienced professional with 3 years of experience. Skilled in kubernetes, monitoring, aws, ci/cd. Worked on multiple projects involving linux, terraform. Strong background in devops engineer.","We are looking for a DevOps Engineer with strong skills in aws, kubernetes, linux, monitoring. The candidate should have experience with terraform, networking and a background in devops engineer.",1
"Experienced professional with 10 years of experience. Skilled in webpack, javascript, typescript, ui/ux. Worked on multiple projects involving pandas, copywriting. Strong background in frontend developer.","We are looking for a Frontend Developer with strong skills in react, responsive design, redux, webpack. The candidate should have experience with javascript, react and a background in frontend developer.",1
"Experienced professional with 5 years of experience. Skilled in css, responsive design, webpack, html. Worked on multiple projects involving typescript, javascript. Strong background in frontend developer.","We are looking for a Data Scientist with strong skills in pandas, data visualization, deep learning, machine learning. The candidate should have experience with python, sql and a background in data scientist.",0
"Experienced professional with 2 years of experience. Skilled in kubernetes, terraform, docker, jenkins. Worked on multiple projects involving docker, kubernetes. Strong background in devops engineer.","We are looking for a DevOps Engineer with strong skills in kubernetes, docker, jenkins, linux. The candidate should have experience with networking, docker and a background in devops engineer.",1
"Experienced professional with 10 years of experience. Skilled in responsive design, html, redux, ui/ux. Worked on multiple projects involving javascript, typescript. Strong background in frontend developer.","We are looking for a Data Scientist with strong skills in deep learning, python, machine learning, numpy. The candidate should have experience with pandas, python and a background in data scientist.",0
"Experienced professional with 3 years of experience. Skilled in networking, ci/cd, monitoring, linux. Worked on multiple projects involving monitoring, terraform. Strong background in devops engineer.","We are looking for a DevOps Engineer with strong skills in docker, aws, ci/cd, jenkins. The candidate should have experience with monitoring, terraform and a background in devops engineer.",1
"Experienced professional with 4 years of experience. Skilled in ui/ux, redux, responsive design, html. Worked on multiple projects involving responsive design, typescript. Strong background in frontend developer.","We are looking for a DevOps Engineer with strong skills in kubernetes, aws, linux, terraform. The candidate should have experience with terraform, jenkins and a background in devops engineer.",0
"Experienced professional with 2 years of experience. Skilled in linux, monitoring, networking, terraform. Worked on multiple projects involving linux, aws. Strong background in devops engineer.","We are looking for a Frontend Developer with strong skills in ui/ux, javascript, webpack, css. The candidate should have experience with ui/ux, html and a background in frontend developer.",0
"Experienced professional with 5 years of experience. Skilled in numpy, data visualization, statistics, scikit-learn. Worked on multiple projects involving python, machine learning. Strong background in data scientist.","We are looking for a Data Scientist with strong skills in numpy, machine learning, data visualization, statistics. The candidate should have experience with scikit-learn, data visualization and a background in data scientist.",1
"Experienced professional with 2 years of experience. Skilled in javascript, ui/ux, webpack, react. Worked on multiple projects involving ci/cd, aws. Strong background in frontend developer.","We are looking for a Frontend Developer with strong skills in responsive design, css, javascript, ui/ux. The candidate should have experience with react, html and a background in frontend developer.",1
"Experienced professional with 1 years of experience. Skilled in networking, kubernetes, ci/cd, jenkins. Worked on multiple projects involving kubernetes, aws. Strong background in devops engineer.","We are looking for a DevOps Engineer with strong skills in linux, aws, docker, kubernetes. The candidate should have experience with aws, ci/cd and a background in devops engineer.",1
"Experienced professional with 5 years of experience. Skilled in seo, social media, content strategy, branding. Worked on multiple projects involving content strategy, copywriting. Strong background in digital marketer.","We are looking for a Data Scientist with strong skills in statistics, scikit-learn, machine learning, sql. The candidate should have experience with pandas, numpy and a background in data scientist.",0
"Experienced professional with 2 years of experience. Skilled in ui/ux, responsive design, webpack, javascript. Worked on multiple projects involving ui/ux, webpack. Strong background in frontend developer.","We are looking for a Frontend Developer with strong skills in react, ui/ux, css, typescript. The candidate should have experience with webpack, redux and a background in frontend developer.",1
"Experienced professional with 3 years of experience. Skilled in numpy, machine learning, pandas, deep learning. Worked on multiple projects involving sql, machine learning. Strong background in data scientist.","We are looking for a Digital Marketer with strong skills in email marketing, analytics, branding, social media. The candidate should have experience with analytics, branding and a background in digital marketer.",0
"Experienced professional with 5 years of experience. Skilled in google ads, content strategy, email marketing, copywriting. Worked on multiple projects involving google ads, content strategy. Strong background in digital marketer.","We are looking for a Digital Marketer with strong skills in email marketing, seo, analytics, copywriting. The candidate should have experience with branding, google ads and a background in digital marketer.",1
"Experienced professional with 2 years of experience. Skilled in data visualization, statistics, machine learning, python. Worked on multiple projects involving data visualization, machine learning. Strong background in data scientist.","We are looking for a Data Scientist with strong skills in data visualization, machine learning, scikit-learn, python. The candidate should have experience with sql, data visualization and a background in data scientist.",1
"Experienced professional with 7 years of experience. Skilled in email marketing, social media, seo, google ads. Worked on multiple projects involving networking, react. Strong background in digital marketer.","We are looking for a Digital Marketer with strong skills in branding, google ads, seo, email marketing. The candidate should have experience with seo, google ads and a background in digital marketer.",1
"Experienced professional with 5 years of experience. Skilled in javascript, react, html, responsive design. Worked on multiple projects involving webpack, typescript. Strong background in frontend developer.","We are looking for a Frontend Developer with strong skills in responsive design, javascript, css, redux. The candidate should have experience with html, webpack and a background in frontend developer.",1
"Experienced professional with 8 years of experience. Skilled in content strategy, seo, google ads, analytics. Worked on multiple projects involving seo, google ads. Strong background in digital marketer.","We are looking for a DevOps Engineer with strong skills in monitoring, networking, linux, docker. The candidate should have experience with aws, linux and a background in devops engineer.",0
"Experienced professional with 8 years of experience. Skilled in terraform, aws, linux, ci/cd. Worked on multiple projects involving docker, monitoring. Strong background in devops engineer.","We are looking for a DevOps Engineer with strong skills in linux, terraform, kubernetes, networking. The candidate should have experience with kubernetes, docker and a background in devops engineer.",1
"Experienced professional with 7 years of experience. Skilled in deep learning, scikit-learn, machine learning, sql. Worked on multiple projects involving numpy, sql. Strong background in data scientist.","We are looking for a Data Scientist with strong skills in machine learning, pandas, deep learning, statistics. The candidate should have experience with data visualization, pandas and a background in data scientist.",1
"Experienced professional with 3 years of experience. Skilled in react, webpack, css, responsive design. Worked on multiple projects involving deep learning, jenkins. Strong background in frontend developer.","We are looking for a Frontend Developer with strong skills in ui/ux, javascript, typescript, responsive design. The candidate should have experience with react, javascript and a background in frontend developer.",1
"Experienced professional with 7 years of experience. Skilled in aws, networking, docker, jenkins. Worked on multiple projects involving aws, monitoring. Strong background in devops engineer.","We are looking for a DevOps Engineer with strong skills in ci/cd, jenkins, monitoring, aws. The candidate should have experience with jenkins, aws and a background in devops engineer.",1
"Experienced professional with 3 years of experience. Skilled in ci/cd, monitoring, kubernetes, terraform. Worked on multiple projects involving linux, kubernetes. Strong background in devops engineer.","We are looking for a DevOps Engineer with strong skills in aws, networking, linux, ci/cd. The candidate should have experience with linux, aws and a background in devops engineer.",1
"Experienced professional with 10 years of experience. Skilled in analytics, google ads, email marketing, seo. Worked on multiple projects involving copywriting, google ads. Strong background in digital marketer.","We are looking for a Data Scientist with strong skills in deep learning, numpy, data visualization, machine learning. The candidate should have experience with statistics, sql and a background in data scientist.",0
"Experienced professional with 10 years of experience. Skilled in docker, jenkins, kubernetes, ci/cd. Worked on multiple projects involving jenkins, linux. Strong background in devops engineer.","We are looking for a Frontend Developer with strong skills in html, javascript, webpack, redux. The candidate should have experience with webpack, ui/ux and a background in frontend developer.",0
"Experienced professional with 6 years of experience. Skilled in google ads, analytics, social media, copywriting. Worked on multiple projects involving branding, content strategy. Strong background in digital marketer.","We are looking for a Digital Marketer with strong skills in branding, analytics, content strategy, social media. The candidate should have experience with google ads, analytics and a background in digital marketer.",1
"Experienced professional with 10 years of experience. Skilled in networking, terraform, ci/cd, monitoring. Worked on multiple projects involving docker, networking. Strong background in devops engineer.","We are looking for a DevOps Engineer with strong skills in ci/cd, aws, networking, terraform. The candidate should have experience with docker, monitoring and a background in devops engineer.",1
"Experienced professional with 8 years of experience. Skilled in monitoring, linux, aws, terraform. Worked on multiple projects involving aws, kubernetes. Strong background in devops engineer.","We are looking for a Digital Marketer with strong skills in google ads, content strategy, copywriting, social media. The candidate should have experience with copywriting, google ads and a background in digital marketer.",0
"Experienced professional with 5 years of experience. Skilled in deep learning, statistics, numpy, data visualization. Worked on multiple projects involving statistics, data visualization. Strong background in data scientist.","We are looking for a Data Scientist with strong skills in numpy, scikit-learn, statistics, machine learning. The candidate should have experience with sql, statistics and a background in data scientist.",1
"Experienced professional with 10 years of experience. Skilled in numpy, pandas, deep learning, scikit-learn. Worked on multiple projects involving deep learning, scikit-learn. Strong background in data scientist.","We are looking for a Data Scientist with strong skills in pandas, python, data visualization, deep learning. The candidate should have experience with data visualization, machine learning and a background in data scientist.",1
"Experienced professional with 9 years of experience. Skilled in monitoring, networking, ci/cd, jenkins. Worked on multiple projects involving javascript, css. Strong background in devops engineer.","We are looking for a Frontend Developer with strong skills in responsive design, javascript, typescript, css. The candidate should have experience with css, ui/ux and a background in frontend developer.",0
"Experienced professional with 10 years of experience. Skilled in ui/ux, html, css, javascript. Worked on multiple projects involving javascript, webpack. Strong background in frontend developer.","We are looking for a Frontend Developer with strong skills in webpack, javascript, redux, ui/ux. The candidate should have experience with react, responsive design and a background in frontend developer.",1
"Experienced professional with 7 years of experience. Skilled in analytics, social media, copywriting, email marketing. Worked on multiple projects involving google ads, content strategy. Strong background in digital marketer.","We are looking for a Digital Marketer with strong skills in seo, email marketing, content strategy, copywriting. The candidate should have experience with email marketing, copywriting and a background in digital marketer.",1
"Experienced professional with 3 years of experience. Skilled in social media, copywriting, content strategy, analytics. Worked on multiple projects involving ui/ux, webpack. Strong background in digital marketer.","We are looking for a Frontend Developer with strong skills in ui/ux, html, javascript, typescript. The candidate should have experience with html, responsive design and a background in frontend developer.",0
"Experienced professional with 9 years of experience. Skilled in typescript, css, responsive design, html. Worked on multiple projects involving responsive design, css. Strong background in frontend developer.","We are looking for a Frontend Developer with strong skills in ui/ux, responsive design, javascript, html. The candidate should have experience with css, typescript and a background in frontend developer.",1
"Experienced professional with 1 years of experience. Skilled in javascript, css, redux, html. Worked on multiple projects involving redux, css. Strong background in frontend developer.","We are looking for a Frontend Developer with strong skills in webpack, ui/ux, css, responsive design. The candidate should have experience with responsive design, webpack and a background in frontend developer.",1
"Experienced professional with 8 years of experience. Skilled in python, numpy, scikit-learn, data visualization. Worked on multiple projects involving python, scikit-learn. Strong background in data scientist.","We are looking for a Data Scientist with strong skills in numpy, machine learning, deep learning, scikit-learn. The candidate should have experience with statistics, data visualization and a background in data scientist.",1
"Experienced professional with 3 years of experience. Skilled in content strategy, email marketing, social media, google ads. Worked on multiple projects involving email marketing, branding. Strong background in digital marketer.","We are looking for a Digital Marketer with strong skills in email marketing, google ads, copywriting, social media. The candidate should have experience with seo, social media and a background in digital marketer.",1
"Experienced professional with 9 years of experience. Skilled in machine learning, python, pandas, sql. Worked on multiple projects involving statistics, machine learning. Strong background in data scientist.","We are looking for a Data Scientist with strong skills in numpy, machine learning, sql, statistics. The candidate should have experience with numpy, machine learning and a background in data scientist.",1
"Experienced professional with 6 years of experience. Skilled in copywriting, content strategy, social media, branding. Worked on multiple projects involving branding, analytics. Strong background in digital marketer.","We are looking for a Data Scientist with strong skills in sql, numpy, pandas, scikit-learn. The candidate should have experience with numpy, data visualization and a background in data scientist.",0
"Experienced professional with 5 years of experience. Skilled in email marketing, google ads, analytics, content strategy. Worked on multiple projects involving seo, copywriting. Strong background in digital marketer.","We are looking for a DevOps Engineer with strong skills in jenkins, terraform, docker, networking. The candidate should have experience with networking, docker and a background in devops engineer.",0
"Experienced professional with 7 years of experience. Skilled in css, html, typescript, responsive design. Worked on multiple projects involving react, typescript. Strong background in frontend developer.","We are looking for a Frontend Developer with strong skills in react, html, responsive design, javascript. The candidate should have experience with typescript, react and a background in frontend developer.",1
"Experienced professional with 8 years of experience. Skilled in aws, ci/cd, kubernetes, linux. Worked on multiple projects involving ci/cd, jenkins. Strong background in devops engineer.","We are looking for a Data Scientist with strong skills in sql, machine learning, data visualization, numpy. The candidate should have experience with python, sql and a background in data scientist.",0
"Experienced professional with 5 years of experience. Skilled in sql, scikit-learn, pandas, deep learning. Worked on multiple projects involving python, sql. Strong background in data scientist.","We are looking for a Data Scientist with strong skills in pandas, scikit-learn, machine learning, sql. The candidate should have experience with deep learning, pandas and a background in data scientist.",1
"Experienced professional with 3 years of experience. Skilled in typescript, responsive design, react, webpack. Worked on multiple projects involving typescript, ui/ux. Strong background in frontend developer.","We are looking for a Data Scientist with strong skills in sql, python, pandas, statistics. The candidate should have experience with machine learning, statistics and a background in data scientist.",0
"Experienced professional with 6 years of experience. Skilled in deep learning, data visualization, machine learning, scikit-learn. Worked on multiple projects involving python, deep learning. Strong background in data scientist.","We are looking for a Data Scientist with strong skills in scikit-learn, python, numpy, pandas. The candidate should have experience with data visualization, sql and a background in data scientist.",1
"Experienced professional with 2 years of experience. Skilled in jenkins, linux, terraform, docker. Worked on multiple projects involving terraform, ci/cd. Strong background in devops engineer.","We are looking for a DevOps Engineer with strong skills in aws, jenkins, kubernetes, networking. The candidate should have experience with monitoring, docker and a background in devops engineer.",1
"Experienced professional with 10 years of experience. Skilled in python, statistics, deep learning, data visualization. Worked on multiple projects involving data visualization, statistics. Strong background in data scientist.","We are looking for a DevOps Engineer with strong skills in docker, kubernetes, ci/cd, linux. The candidate should have experience with monitoring, networking and a background in devops engineer.",0
"Experienced professional with 9 years of experience. Skilled in docker, terraform, monitoring, networking. Worked on multiple projects involving aws, linux. Strong background in devops engineer.","We are looking for a Frontend Developer with strong skills in redux, webpack, css, javascript. The candidate should have experience with css, javascript and a background in frontend developer.",0
"Experienced professional with 2 years of experience. Skilled in machine learning, statistics, python, sql. Worked on multiple projects involving numpy, python. Strong background in data scientist.","We are looking for a Data Scientist with strong skills in statistics, data visualization, sql, numpy. The candidate should have experience with machine learning, numpy and a background in data scientist.",1
"Experienced professional with 4 years of experience. Skilled in seo, google ads, email marketing, copywriting. Worked on multiple projects involving analytics, social media. Strong background in digital marketer.","We are looking for a Data Scientist with strong skills in python, numpy, machine learning, deep learning. The candidate should have experience with machine learning, python and a background in data scientist.",0
"Experienced professional with 8 years of experience. Skilled in seo, social media, google ads, content strategy. Worked on multiple projects involving copywriting, content strategy. Strong background in digital marketer.","We are looking for a DevOps Engineer with strong skills in jenkins, terraform, ci/cd, linux. The candidate should have experience with linux, aws and a background in devops engineer.",0
"Experienced professional with 5 years of experience. Skilled in webpack, css, typescript, javascript. Worked on multiple projects involving javascript, responsive design. Strong background in frontend developer.","We are looking for a Digital Marketer with strong skills in branding, seo, copywriting, analytics. The candidate should have experience with content strategy, social media and a background in digital marketer.",0
"Experienced professional with 9 years of experience. Skilled in sql, pandas, numpy, deep learning. Worked on multiple projects involving deep learning, python. Strong background in data scientist.","We are looking for a Data Scientist with strong skills in numpy, sql, machine learning, pandas. The candidate should have experience with machine learning, numpy and a background in data scientist.",1
"Experienced professional with 8 years of experience. Skilled in kubernetes, monitoring, docker, terraform. Worked on multiple projects involving linux, kubernetes. Strong background in devops engineer.","We are looking for a DevOps Engineer with strong skills in jenkins, networking, terraform, aws. The candidate should have experience with networking, ci/cd and a background in devops engineer.",1
"Experienced professional with 8 years of experience. Skilled in ci/cd, aws, terraform, linux. Worked on multiple projects involving statistics, social media. Strong background in devops engineer.","We are looking for a DevOps Engineer with strong skills in aws, ci/cd, kubernetes, linux. The candidate should have experience with terraform, monitoring and a background in devops engineer.",1
"Experienced professional with 6 years of experience. Skilled in responsive design, html, ui/ux, redux. Worked on multiple projects involving react, responsive design. Strong background in frontend developer.","We are looking for a Frontend Developer with strong skills in javascript, html, react, webpack. The candidate should have experience with redux, webpack and a background in frontend developer.",1
"Experienced professional with 1 years of experience. Skilled in linux, networking, kubernetes, jenkins. Worked on multiple projects involving copywriting, analytics. Strong background in devops engineer.","We are looking for a Digital Marketer with strong skills in social media, email marketing, copywriting, seo. The candidate should have experience with branding, email marketing and a background in digital marketer.",0
"Experienced professional with 6 years of experience. Skilled in statistics, sql, python, data visualization. Worked on multiple projects involving statistics, sql. Strong background in data scientist.","We are looking for a DevOps Engineer with strong skills in aws, linux, docker, terraform. The candidate should have experience with jenkins, kubernetes and a background in devops engineer.",0
"Experienced professional with 3 years of experience. Skilled in data visualization, deep learning, pandas, machine learning. Worked on multiple projects involving numpy, machine learning. Strong background in data scientist.","We are looking for a Digital Marketer with strong skills in seo, branding, email marketing, google ads. The candidate should have experience with analytics, seo and a background in digital marketer.",0
"Experienced professional with 4 years of experience. Skilled in deep learning, machine learning, scikit-learn, data visualization. Worked on multiple projects involving html, analytics. Strong background in data scientist.","We are looking for a Data Scientist with strong skills in python, deep learning, sql, numpy. The candidate should have experience with deep learning, pandas and a background in data scientist.",1
"Experienced professional with 9 years of experience. Skilled in webpack, react, ui/ux, html. Worked on multiple projects involving responsive design, html. Strong background in frontend developer.","We are looking for a DevOps Engineer with strong skills in linux, docker, aws, ci/cd. The candidate should have experience with ci/cd, docker and a background in devops engineer.",0
"Experienced professional with 3 years of experience. Skilled in redux, html, responsive design, ui/ux. Worked on multiple projects involving redux, webpack. Strong background in frontend developer.","We are looking for a Data Scientist with strong skills in python, pandas, numpy, scikit-learn. The candidate should have experience with data visualization, deep learning and a background in data scientist.",0
"Experienced professional with 7 years of experience. Skilled in google ads, copywriting, content strategy, branding. Worked on multiple projects involving email marketing, analytics. Strong background in digital marketer.","We are looking for a Frontend Developer with strong skills in ui/ux, html, css, react. The candidate should have experience with html, redux and a background in frontend developer.",0
"Experienced professional with 5 years of experience. Skilled in sql, pandas, scikit-learn, python. Worked on multiple projects involving branding, content strategy. Strong background in data scientist.","We are looking for a Digital Marketer with strong skills in social media, branding, email marketing, analytics. The candidate should have experience with branding, social media and a background in digital marketer.",0
"Experienced professional with 3 years of experience. Skilled in typescript, webpack, ui/ux, redux. Worked on multiple projects involving typescript, html. Strong background in frontend developer.","We are looking for a DevOps Engineer with strong skills in monitoring, aws, kubernetes, jenkins. The candidate should have experience with docker, networking and a background in devops engineer.",0
"Experienced professional with 8 years of experience. Skilled in statistics, machine learning, pandas, data visualization. Worked on multiple projects involving scikit-learn, numpy. Strong background in data scientist.","We are looking for a DevOps Engineer with strong skills in ci/cd, monitoring, kubernetes, terraform. The candidate should have experience with networking, monitoring and a background in devops engineer.",0
"Experienced professional with 8 years of experience. Skilled in data visualization, scikit-learn, python, numpy. Worked on multiple projects involving linux, monitoring. Strong background in data scientist.","We are looking for a DevOps Engineer with strong skills in docker, ci/cd, kubernetes, networking. The candidate should have experience with monitoring, terraform and a background in devops engineer.",0
"Experienced professional with 9 years of experience. Skilled in data visualization, deep learning, scikit-learn, pandas. Worked on multiple projects involving machine learning, data visualization. Strong background in data scientist.","We are looking for a Data Scientist with strong skills in python, pandas, statistics, numpy. The candidate should have experience with deep learning, machine learning and a background in data scientist.",1
"Experienced professional with 5 years of experience. Skilled in jenkins, ci/cd, terraform, linux. Worked on multiple projects involving redux, social media. Strong background in devops engineer.","We are looking for a DevOps Engineer with strong skills in jenkins, aws, linux, ci/cd. The candidate should have experience with kubernetes, aws and a background in devops engineer.",1
"Experienced professional with 3 years of experience. Skilled in kubernetes, jenkins, aws, terraform. Worked on multiple projects involving aws, docker. Strong background in devops engineer.","We are looking for a Data Scientist with strong skills in data visualization, python, statistics, pandas. The candidate should have experience with scikit-learn, sql and a background in data scientist.",0
"Experienced professional with 9 years of experience. Skilled in seo, branding, email marketing, google ads. Worked on multiple projects involving branding, analytics. Strong background in digital marketer.","We are looking for a Digital Marketer with strong skills in seo, google ads, social media, content strategy. The candidate should have experience with content strategy, copywriting and a background in digital marketer.",1
"Experienced professional with 8 years of experience. Skilled in numpy, pandas, scikit-learn, data visualization. Worked on multiple projects involving react, typescript. Strong background in data scientist.","We are looking for a Frontend Developer with strong skills in redux, html, webpack, ui/ux. The candidate should have experience with react, ui/ux and a background in frontend developer.",0
"Experienced professional with 1 years of experience. Skilled in machine learning, sql, data visualization, pandas. Worked on multiple projects involving pandas, python. Strong background in data scientist.","We are looking for a DevOps Engineer with strong skills in docker, linux, ci/cd, monitoring. The candidate should have experience with aws, terraform and a background in devops engineer.",0
"Experienced professional with 9 years of experience. Skilled in social media, email marketing, content strategy, copywriting. Worked on multiple projects involving data visualization, machine learning. Strong background in digital marketer.","We are looking for a Digital Marketer with strong skills in seo, branding, social media, analytics. The candidate should have experience with social media, content strategy and a background in digital marketer.",1
"Experienced professional with 6 years of experience. Skilled in email marketing, social media, branding, seo. Worked on multiple projects involving email marketing, branding. Strong background in digital marketer.","We are looking for a Frontend Developer with strong skills in redux, responsive design, webpack, css. The candidate should have experience with javascript, typescript and a background in frontend developer.",0
"Experienced professional with 6 years of experience. Skilled in analytics, content strategy, email marketing, seo. Worked on multiple projects involving content strategy, copywriting. Strong background in digital marketer.","We are looking for a Data Scientist with strong skills in numpy, data visualization, sql, deep learning. The candidate should have experience with scikit-learn, python and a background in data scientist.",0
"Experienced professional with 6 years of experience. Skilled in ui/ux, html, webpack, css. Worked on multiple projects involving numpy, data visualization. Strong background in frontend developer.","We are looking for a Data Scientist with strong skills in deep learning, machine learning, pandas, python. The candidate should have experience with pandas, sql and a background in data scientist.",0
"Experienced professional with 4 years of experience. Skilled in content strategy, analytics, email marketing, seo. Worked on multiple projects involving webpack, pandas. Strong background in digital marketer.","We are looking for a Digital Marketer with strong skills in analytics, branding, email marketing, google ads. The candidate should have experience with branding, social media and a background in digital marketer.",1
"Experienced professional with 8 years of experience. Skilled in networking, ci/cd, monitoring, linux. Worked on multiple projects involving linux, ci/cd. Strong background in devops engineer.","We are looking for a Digital Marketer with strong skills in branding, analytics, email marketing, seo. The candidate should have experience with google ads, seo and a background in digital marketer.",0
"Experienced professional with 10 years of experience. Skilled in copywriting, google ads, email marketing, social media. Worked on multiple projects involving copywriting, email marketing. Strong background in digital marketer.","We are looking for a Frontend Developer with strong skills in redux, ui/ux, webpack, css. The candidate should have experience with responsive design, typescript and a background in frontend developer.",0
"Experienced professional with 3 years of experience. Skilled in deep learning, statistics, python, machine learning. Worked on multiple projects involving numpy, deep learning. Strong background in data scientist.","We are looking for a Data Scientist with strong skills in data visualization, numpy, sql, deep learning. The candidate should have experience with pandas, machine learning and a background in data scientist.",1
"Experienced professional with 1 years of experience. Skilled in webpack, ui/ux, responsive design, redux. Worked on multiple projects involving ui/ux, javascript. Strong background in frontend developer.","We are looking for a Frontend Developer with strong skills in css, webpack, react, typescript. The candidate should have experience with typescript, javascript and a background in frontend developer.",1
"Experienced professional with 5 years of experience. Skilled in email marketing, branding, google ads, content strategy. Worked on multiple projects involving branding, email marketing. Strong background in digital marketer.","We are looking for a Digital Marketer with strong skills in branding, copywriting, email marketing, seo. The candidate should have experience with google ads, email marketing and a background in digital marketer.",1
"Experienced professional with 6 years of experience. Skilled in email marketing, seo, branding, content strategy. Worked on multiple projects involving content strategy, analytics. Strong background in digital marketer.","We are looking for a Digital Marketer with strong skills in copywriting, seo, content strategy, branding. The candidate should have experience with copywriting, content strategy and a background in digital marketer.",1
"Experienced professional with 8 years of experience. Skilled in aws, kubernetes, linux, jenkins. Worked on multiple projects involving terraform, jenkins. Strong background in devops engineer.","We are looking for a DevOps Engineer with strong skills in jenkins, aws, docker, ci/cd. The candidate should have experience with kubernetes, docker and a background in devops engineer.",1
"Experienced professional with 9 years of experience. Skilled in email marketing, seo, branding, copywriting. Worked on multiple projects involving webpack, aws. Strong background in digital marketer.","We are looking for a Digital Marketer with strong skills in google ads, branding, analytics, email marketing. The candidate should have experience with social media, email marketing and a background in digital marketer.",1
"Experienced professional with 10 years of experience. Skilled in networking, aws, terraform, docker. Worked on multiple projects involving monitoring, jenkins. Strong background in devops engineer.","We are looking for a DevOps Engineer with strong skills in monitoring, kubernetes, terraform, linux. The candidate should have experience with monitoring, networking and a background in devops engineer.",1
"Experienced professional with 3 years of experience. Skilled in deep learning, scikit-learn, python, machine learning. Worked on multiple projects involving pandas, deep learning. Strong background in data scientist.","We are looking for a Frontend Developer with strong skills in responsive design, redux, javascript, typescript. The candidate should have experience with webpack, html and a background in frontend developer.",0
"Experienced professional with 7 years of experience. Skilled in content strategy, copywriting, analytics, google ads. Worked on multiple projects involving webpack, css. Strong background in digital marketer.","We are looking for a Frontend Developer with strong skills in typescript, webpack, responsive design, javascript. The candidate should have experience with ui/ux, typescript and a background in frontend developer.",0
"Experienced professional with 8 years of experience. Skilled in statistics, sql, machine learning, python. Worked on multiple projects involving machine learning, deep learning. Strong background in data scientist.","We are looking for a Data Scientist with strong skills in pandas, python, sql, deep learning. The candidate should have experience with data visualization, python and a background in data scientist.",1
"Experienced professional with 2 years of experience. Skilled in css, ui/ux, javascript, responsive design. Worked on multiple projects involving css, redux. Strong background in frontend developer.","We are looking for a Frontend Developer with strong skills in responsive design, html, webpack, redux. The candidate should have experience with webpack, react and a background in frontend developer.",1
"Experienced professional with 2 years of experience. Skilled in machine learning, pandas, numpy, sql. Worked on multiple projects involving deep learning, machine learning. Strong background in data scientist.","We are looking for a Frontend Developer with strong skills in javascript, css, typescript, webpack. The candidate should have experience with webpack, html and a background in frontend developer.",0
"Experienced professional with 6 years of experience. Skilled in machine learning, data visualization, scikit-learn, pandas. Worked on multiple projects involving scikit-learn, machine learning. Strong background in data scientist.","We are looking for a Data Scientist with strong skills in machine learning, data visualization, python, statistics. The candidate should have experience with pandas, scikit-learn and a background in data scientist.",1
"Experienced professional with 3 years of experience. Skilled in ci/cd, monitoring, aws, docker. Worked on multiple projects involving terraform, docker. Strong background in devops engineer.","We are looking for a Data Scientist with strong skills in scikit-learn, statistics, sql, python. The candidate should have experience with deep learning, python and a background in data scientist.",0
"Experienced professional with 4 years of experience. Skilled in terraform, networking, linux, kubernetes. Worked on multiple projects involving ci/cd, jenkins. Strong background in devops engineer.","We are looking for a DevOps Engineer with strong skills in terraform, jenkins, ci/cd, aws. The candidate should have experience with kubernetes, ci/cd and a background in devops engineer.",1
"Experienced professional with 1 years of experience. Skilled in machine learning, numpy, statistics, pandas. Worked on multiple projects involving statistics, machine learning. Strong background in data scientist.","We are looking for a Digital Marketer with strong skills in google ads, copywriting, content strategy, analytics. The candidate should have experience with content strategy, copywriting and a background in digital marketer.",0
"Experienced professional with 8 years of experience. Skilled in data visualization, sql, statistics, numpy. Worked on multiple projects involving deep learning, data visualization. Strong background in data scientist.","We are looking for a Data Scientist with strong skills in pandas, sql, data visualization, statistics. The candidate should have experience with sql, data visualization and a background in data scientist.",1
"Experienced professional with 10 years of experience. Skilled in react, typescript, responsive design, css. Worked on multiple projects involving javascript, react. Strong background in frontend developer.","We are looking for a Digital Marketer with strong skills in seo, copywriting, branding, content strategy. The candidate should have experience with google ads, content strategy and a background in digital marketer.",0
"Experienced professional with 10 years of experience. Skilled in networking, ci/cd, aws, monitoring. Worked on multiple projects involving ci/cd, linux. Strong background in devops engineer.","We are looking for a Data Scientist with strong skills in statistics, numpy, data visualization, sql. The candidate should have experience with sql, data visualization and a background in data scientist.",0
"Experienced professional with 8 years of experience. Skilled in javascript, css, webpack, responsive design. Worked on multiple projects involving responsive design, redux. Strong background in frontend developer.","We are looking for a Frontend Developer with strong skills in typescript, css, redux, webpack. The candidate should have experience with responsive design, redux and a background in frontend developer.",1
"Experienced professional with 2 years of experience. Skilled in google ads, analytics, email marketing, social media. Worked on multiple projects involving analytics, google ads. Strong background in digital marketer.","We are looking for a Digital Marketer with strong skills in google ads, content strategy, email marketing, social media. The candidate should have experience with copywriting, google ads and a background in digital marketer.",1
"Experienced professional with 5 years of experience. Skilled in analytics, seo, google ads, copywriting. Worked on multiple projects involving email marketing, copywriting. Strong background in digital marketer.","We are looking for a Digital Marketer with strong skills in google ads, social media, content strategy, seo. The candidate should have experience with branding, google ads and a background in digital marketer.",1
"Experienced professional with 5 years of experience. Skilled in aws, networking, docker, linux. Worked on multiple projects involving monitoring, docker. Strong background in devops engineer.","We are looking for a Data Scientist with strong skills in deep learning, statistics, scikit-learn, data visualization. The candidate should have experience with pandas, data visualization and a background in data scientist.",0
"Experienced professional with 4 years of experience. Skilled in email marketing, branding, google ads, content strategy. Worked on multiple projects involving branding, google ads. Strong background in digital marketer.","We are looking for a Digital Marketer with strong skills in email marketing, social media, analytics, google ads. The candidate should have experience with google ads, seo and a background in digital marketer.",1
"Experienced professional with 4 years of experience. Skilled in responsive design, typescript, ui/ux, css. Worked on multiple projects involving javascript, css. Strong background in frontend developer.","We are looking for a DevOps Engineer with strong skills in monitoring, networking, kubernetes, aws. The candidate should have experience with linux, monitoring and a background in devops engineer.",0
"Experienced professional with 5 years of experience. Skilled in networking, jenkins, ci/cd, terraform. Worked on multiple projects involving jenkins, ci/cd. Strong background in devops engineer.","We are looking for a Data Scientist with strong skills in numpy, deep learning, pandas, statistics. The candidate should have experience with pandas, data visualization and a background in data scientist.",0
"Experienced professional with 8 years of experience. Skilled in python, deep learning, pandas, machine learning. Worked on multiple projects involving sql, pandas. Strong background in data scientist.","We are looking for a Data Scientist with strong skills in deep learning, data visualization, pandas, python. The candidate should have experience with machine learning, scikit-learn and a background in data scientist.",1
"Experienced professional with 2 years of experience. Skilled in typescript, ui/ux, react, webpack. Worked on multiple projects involving responsive design, javascript. Strong background in frontend developer.","We are looking for a DevOps Engineer with strong skills in terraform, monitoring, docker, kubernetes. The candidate should have experience with aws, jenkins and a background in devops engineer.",0
"Experienced professional with 9 years of experience. Skilled in react, responsive design, webpack, redux. Worked on multiple projects involving html, webpack. Strong background in frontend developer.","We are looking for a DevOps Engineer with strong skills in ci/cd, docker, linux, aws. The candidate should have experience with aws, monitoring and a background in devops engineer.",0
"Experienced professional with 8 years of experience. Skilled in monitoring, aws, terraform, networking. Worked on multiple projects involving python, css. Strong background in devops engineer.","We are looking for a DevOps Engineer with strong skills in ci/cd, docker, linux, aws. The candidate should have experience with linux, aws and a background in devops engineer.",1
"Experienced professional with 1 years of experience. Skilled in docker, terraform, monitoring, jenkins. Worked on multiple projects involving ci/cd, networking. Strong background in devops engineer.","We are looking for a Frontend Developer with strong skills in responsive design, typescript, react, webpack. The candidate should have experience with react, html and a background in frontend developer.",0
"Experienced professional with 6 years of experience. Skilled in ci/cd, aws, jenkins, docker. Worked on multiple projects involving aws, linux. Strong background in devops engineer.","We are looking for a DevOps Engineer with strong skills in jenkins, linux, docker, aws. The candidate should have experience with terraform, kubernetes and a background in devops engineer.",1
"Experienced professional with 4 years of experience. Skilled in docker, terraform, jenkins, aws. Worked on multiple projects involving kubernetes, monitoring. Strong background in devops engineer.","We are looking for a DevOps Engineer with strong skills in kubernetes, terraform, jenkins, docker. The candidate should have experience with jenkins, networking and a background in devops engineer.",1
"Experienced professional with 9 years of experience. Skilled in numpy, scikit-learn, pandas, data visualization. Worked on multiple projects involving sql, statistics. Strong background in data scientist.","We are looking for a Data Scientist with strong skills in numpy, data visualization, pandas, scikit-learn. The candidate should have experience with numpy, deep learning and a background in data scientist.",1
"Experienced professional with 3 years of experience. Skilled in aws, monitoring, linux, docker. Worked on multiple projects involving docker, ci/cd. Strong background in devops engineer.","We are looking for a DevOps Engineer with strong skills in monitoring, aws, linux, terraform. The candidate should have experience with ci/cd, kubernetes and a background in devops engineer.",1
"Experienced professional with 7 years of experience. Skilled in ui/ux, typescript, redux, webpack. Worked on multiple projects involving webpack, ui/ux. Strong background in frontend developer.","We are looking for a Frontend Developer with strong skills in react, javascript, html, ui/ux. The candidate should have experience with javascript, ui/ux and a background in frontend developer.",1
"Experienced professional with 10 years of experience. Skilled in python, machine learning, statistics, scikit-learn. Worked on multiple projects involving scikit-learn, data visualization. Strong background in data scientist.","We are looking for a DevOps Engineer with strong skills in monitoring, ci/cd, kubernetes, aws. The candidate should have experience with jenkins, docker and a background in devops engineer.",0
"Experienced professional with 9 years of experience. Skilled in responsive design, javascript, ui/ux, webpack. Worked on multiple projects involving css, javascript. Strong background in frontend developer.","We are looking for a Frontend Developer with strong skills in html, css, webpack, responsive design. The candidate should have experience with ui/ux, typescript and a background in frontend developer.",1
"Experienced professional with 5 years of experience. Skilled in jenkins, terraform, monitoring, ci/cd. Worked on multiple projects involving javascript, seo. Strong background in devops engineer.","We are looking for a DevOps Engineer with strong skills in networking, monitoring, linux, terraform. The candidate should have experience with aws, ci/cd and a background in devops engineer.",1
"Experienced professional with 6 years of experience. Skilled in networking, docker, ci/cd, linux. Worked on multiple projects involving jenkins, kubernetes. Strong background in devops engineer.","We are looking for a DevOps Engineer with strong skills in linux, kubernetes, jenkins, ci/cd. The candidate should have experience with terraform, ci/cd and a background in devops engineer.",1
"Experienced professional with 8 years of experience. Skilled in analytics, copywriting, social media, content strategy. Worked on multiple projects involving copywriting, email marketing. Strong background in digital marketer.","We are looking for a Data Scientist with strong skills in scikit-learn, sql, machine learning, deep learning. The candidate should have experience with statistics, numpy and a background in data scientist.",0
"Experienced professional with 1 years of experience. Skilled in numpy, pandas, deep learning, python. Worked on multiple projects involving statistics, python. Strong background in data scientist.","We are looking for a Frontend Developer with strong skills in javascript, responsive design, redux, typescript. The candidate should have experience with html, redux and a background in frontend developer.",0
"Experienced professional with 10 years of experience. Skilled in ui/ux, html, responsive design, typescript. Worked on multiple projects involving webpack, typescript. Strong background in frontend developer.","We are looking for a Data Scientist with strong skills in python, pandas, statistics, data visualization. The candidate should have experience with data visualization, deep learning and a background in data scientist.",0
"Experienced professional with 2 years of experience. Skilled in typescript, javascript, ui/ux, redux. Worked on multiple projects involving html, react. Strong background in frontend developer.","We are looking for a Data Scientist with strong skills in deep learning, scikit-learn, python, data visualization. The candidate should have experience with deep learning, sql and a background in data scientist.",0
"Experienced professional with 3 years of experience. Skilled in deep learning, statistics, sql, pandas. Worked on multiple projects involving sql, numpy. Strong background in data scientist.","We are looking for a Frontend Developer with strong skills in html, typescript, javascript, webpack. The candidate should have experience with ui/ux, react and a background in frontend developer.",0
"Experienced professional with 6 years of experience. Skilled in ui/ux, webpack, javascript, html. Worked on multiple projects involving css, redux. Strong background in frontend developer.","We are looking for a Frontend Developer with strong skills in css, html, typescript, javascript. The candidate should have experience with ui/ux, html and a background in frontend developer.",1
"Experienced professional with 4 years of experience. Skilled in deep learning, numpy, machine learning, pandas. Worked on multiple projects involving sql, numpy. Strong background in data scientist.","We are looking for a Digital Marketer with strong skills in email marketing, seo, copywriting, analytics. The candidate should have experience with branding, google ads and a background in digital marketer.",0
"Experienced professional with 7 years of experience. Skilled in javascript, ui/ux, webpack, responsive design. Worked on multiple projects involving responsive design, redux. Strong background in frontend developer.","We are looking for a Frontend Developer with strong skills in typescript, react, ui/ux, redux. The candidate should have experience with react, css and a background in frontend developer.",1
"Experienced professional with 10 years of experience. Skilled in ci/cd, aws, networking, jenkins. Worked on multiple projects involving scikit-learn, social media. Strong background in devops engineer.","We are looking for a DevOps Engineer with strong skills in networking, monitoring, ci/cd, terraform. The candidate should have experience with jenkins, ci/cd and a background in devops engineer.",1
"Experienced professional with 6 years of experience. Skilled in content strategy, analytics, branding, email marketing. Worked on multiple projects involving content strategy, seo. Strong background in digital marketer.","We are looking for a Digital Marketer with strong skills in analytics, seo, social media, email marketing. The candidate should have experience with copywriting, content strategy and a background in digital marketer.",1
"Experienced professional with 5 years of experience. Skilled in react, webpack, typescript, responsive design. Worked on multiple projects involving react, javascript. Strong background in frontend developer.","We are looking for a Frontend Developer with strong skills in javascript, css, react, redux. The candidate should have experience with redux, typescript and a background in frontend developer.",1
"Experienced professional with 3 years of experience. Skilled in analytics, branding, copywriting, email marketing. Worked on multiple projects involving email marketing, branding. Strong background in digital marketer.","We are looking for a Digital Marketer with strong skills in email marketing, google ads, content strategy, analytics. The candidate should have experience with seo, content strategy and a background in digital marketer.",1
"Experienced professional with 10 years of experience. Skilled in email marketing, seo, social media, branding. Worked on multiple projects involving deep learning, numpy. Strong background in digital marketer.","We are looking for a Data Scientist with strong skills in numpy, deep learning, statistics, sql. The candidate should have experience with machine learning, data visualization and a background in data scientist.",0
"Experienced professional with 1 years of experience. Skilled in scikit-learn, deep learning, numpy, statistics. Worked on multiple projects involving content strategy, css. Strong background in data scientist.","We are looking for a Data Scientist with strong skills in data visualization, scikit-learn, machine learning, python. The candidate should have experience with machine learning, scikit-learn and a background in data scientist.",1
"Experienced professional with 8 years of experience. Skilled in linux, aws, monitoring, terraform. Worked on multiple projects involving kubernetes, monitoring. Strong background in devops engineer.","We are looking for a DevOps Engineer with strong skills in docker, kubernetes, ci/cd, linux. The candidate should have experience with docker, aws and a background in devops engineer.",1
"Experienced professional with 2 years of experience. Skilled in analytics, social media, email marketing, seo. Worked on multiple projects involving css, responsive design. Strong background in digital marketer.","We are looking for a Frontend Developer with strong skills in webpack, responsive design, typescript, ui/ux. The candidate should have experience with typescript, javascript and a background in frontend developer.",0
"Experienced professional with 2 years of experience. Skilled in redux, css, responsive design, ui/ux. Worked on multiple projects involving react, redux. Strong background in frontend developer.","We are looking for a Frontend Developer with strong skills in html, ui/ux, webpack, javascript. The candidate should have experience with ui/ux, webpack and a background in frontend developer.",1
"Experienced professional with 3 years of experience. Skilled in python, sql, deep learning, machine learning. Worked on multiple projects involving data visualization, deep learning. Strong background in data scientist.","We are looking for a Frontend Developer with strong skills in html, javascript, react, ui/ux. The candidate should have experience with html, webpack and a background in frontend developer.",0
"Experienced professional with 2 years of experience. Skilled in redux, responsive design, typescript, javascript. Worked on multiple projects involving css, responsive design. Strong background in frontend developer.","We are looking for a Digital Marketer with strong skills in seo, google ads, content strategy, copywriting. The candidate should have experience with content strategy, email marketing and a background in digital marketer.",0
"Experienced professional with 2 years of experience. Skilled in terraform, aws, networking, monitoring. Worked on multiple projects involving terraform, docker. Strong background in devops engineer.","We are looking for a DevOps Engineer with strong skills in docker, terraform, ci/cd, networking. The candidate should have experience with aws, kubernetes and a background in devops engineer.",1
"Experienced professional with 2 years of experience. Skilled in networking, kubernetes, docker, monitoring. Worked on multiple projects involving kubernetes, aws. Strong background in devops engineer.","We are looking for a DevOps Engineer with strong skills in aws, docker, linux, ci/cd. The candidate should have experience with kubernetes, jenkins and a background in devops engineer.",1
"Experienced professional with 3 years of experience. Skilled in data visualization, python, deep learning, numpy. Worked on multiple projects involving webpack, ui/ux. Strong background in data scientist.","We are looking for a Frontend Developer with strong skills in typescript, redux, ui/ux, css. The candidate should have experience with javascript, html and a background in frontend developer.",0
"Experienced professional with 8 years of experience. Skilled in pandas, data visualization, python, machine learning. Worked on multiple projects involving statistics, machine learning. Strong background in data scientist.","We are looking for a Data Scientist with strong skills in scikit-learn, python, pandas, statistics. The candidate should have experience with data visualization, scikit-learn and a background in data scientist.",1
"Experienced professional with 8 years of experience. Skilled in css, webpack, html, javascript. Worked on multiple projects involving responsive design, css. Strong background in frontend developer.","We are looking for a Digital Marketer with strong skills in copywriting, seo, branding, google ads. The candidate should have experience with google ads, analytics and a background in digital marketer.",0
"Experienced professional with 1 years of experience. Skilled in webpack, redux, typescript, responsive design. Worked on multiple projects involving responsive design, react. Strong background in frontend developer.","We are looking for a Frontend Developer with strong skills in react, javascript, html, webpack. The candidate should have experience with html, webpack and a background in frontend developer.",1
"Experienced professional with 1 years of experience. Skilled in aws, terraform, docker, networking. Worked on multiple projects involving ci/cd, linux. Strong background in devops engineer.","We are looking for a Frontend Developer with strong skills in webpack, javascript, redux, responsive design. The candidate should have experience with typescript, javascript and a background in frontend developer.",0
"Experienced professional with 2 years of experience. Skilled in copywriting, social media, google ads, content strategy. Worked on multiple projects involving branding, content strategy. Strong background in digital marketer.","We are looking for a Data Scientist with strong skills in numpy, data visualization, pandas, machine learning. The candidate should have experience with scikit-learn, statistics and a background in data scientist.",0
"Experienced professional with 2 years of experience. Skilled in scikit-learn, data visualization, python, numpy. Worked on multiple projects involving statistics, deep learning. Strong background in data scientist.","We are looking for a Data Scientist with strong skills in python, pandas, numpy, sql. The candidate should have experience with data visualization, sql and a background in data scientist.",1
"Experienced professional with 2 years of experience. Skilled in content strategy, email marketing, branding, analytics. Worked on multiple projects involving analytics, content strategy. Strong background in digital marketer.","We are looking for a Frontend Developer with strong skills in redux, css, responsive design, typescript. The candidate should have experience with webpack, ui/ux and a background in frontend developer.",0
"Experienced professional with 1 years of experience. Skilled in networking, docker, terraform, monitoring. Worked on multiple projects involving kubernetes, docker. Strong background in devops engineer.","We are looking for a Data Scientist with strong skills in pandas, statistics, machine learning, scikit-learn. The candidate should have experience with deep learning, data visualization and a background in data scientist.",0
"Experienced professional with 1 years of experience. Skilled in typescript, responsive design, react, redux. Worked on multiple projects involving redux, javascript. Strong background in frontend developer.","We are looking for a DevOps Engineer with strong skills in docker, kubernetes, aws, networking. The candidate should have experience with networking, kubernetes and a background in devops engineer.",0
"Experienced professional with 1 years of experience. Skilled in data visualization, statistics, machine learning, pandas. Worked on multiple projects involving statistics, machine learning. Strong background in data scientist.","We are looking for a Data Scientist with strong skills in python, machine learning, statistics, sql. The candidate should have experience with numpy, scikit-learn and a background in data scientist.",1
"Experienced professional with 7 years of experience. Skilled in deep learning, python, numpy, data visualization. Worked on multiple projects involving statistics, machine learning. Strong background in data scientist.","We are looking for a Data Scientist with strong skills in pandas, statistics, numpy, data visualization. The candidate should have experience with data visualization, sql and a background in data scientist.",1
"Experienced professional with 4 years of experience. Skilled in typescript, react, javascript, responsive design. Worked on multiple projects involving typescript, javascript. Strong background in frontend developer.","We are looking for a Frontend Developer with strong skills in ui/ux, redux, webpack, react. The candidate should have experience with responsive design, typescript and a background in frontend developer.",1
"Experienced professional with 5 years of experience. Skilled in ci/cd, kubernetes, monitoring, jenkins. Worked on multiple projects involving monitoring, networking. Strong background in devops engineer.","We are looking for a Frontend Developer with strong skills in css, typescript, html, redux. The candidate should have experience with ui/ux, typescript and a background in frontend developer.",0
"Experienced professional with 8 years of experience. Skilled in social media, email marketing, content strategy, analytics. Worked on multiple projects involving branding, content strategy. Strong background in digital marketer.","We are looking for a Data Scientist with strong skills in sql, numpy, scikit-learn, deep learning. The candidate should have experience with scikit-learn, python and a background in data scientist.",0
"Experienced professional with 10 years of experience. Skilled in social media, branding, analytics, seo. Worked on multiple projects involving branding, analytics. Strong background in digital marketer.","We are looking for a Data Scientist with strong skills in pandas, numpy, machine learning, sql. The candidate should have experience with deep learning, sql and a background in data scientist.",0
"Experienced professional with 6 years of experience. Skilled in typescript, redux, react, webpack. Worked on multiple projects involving webpack, responsive design. Strong background in frontend developer.","We are looking for a Frontend Developer with strong skills in ui/ux, redux, javascript, html. The candidate should have experience with webpack, react and a background in frontend developer.",1
"Experienced professional with 10 years of experience. Skilled in google ads, analytics, content strategy, copywriting. Worked on multiple projects involving branding, copywriting. Strong background in digital marketer.","We are looking for a DevOps Engineer with strong skills in aws, terraform, kubernetes, linux. The candidate should have experience with linux, terraform and a background in devops engineer.",0
"Experienced professional with 9 years of experience. Skilled in content strategy, analytics, email marketing, social media. Worked on multiple projects involving copywriting, branding. Strong background in digital marketer.","We are looking for a Data Scientist with strong skills in sql, statistics, deep learning, machine learning. The candidate should have experience with numpy, pandas and a background in data scientist.",0
"Experienced professional with 2 years of experience. Skilled in ci/cd, terraform, kubernetes, docker. Worked on multiple projects involving docker, ci/cd. Strong background in devops engineer.","We are looking for a Frontend Developer with strong skills in webpack, react, css, responsive design. The candidate should have experience with redux, responsive design and a background in frontend developer.",0
"Experienced professional with 6 years of experience. Skilled in google ads, email marketing, copywriting, social media. Worked on multiple projects involving branding, seo. Strong background in digital marketer.","We are looking for a Frontend Developer with strong skills in css, typescript, react, javascript. The candidate should have experience with react, javascript and a background in frontend developer.",0
"Experienced professional with 5 years of experience. Skilled in machine learning, numpy, python, pandas. Worked on multiple projects involving machine learning, pandas. Strong background in data scientist.","We are looking for a Digital Marketer with strong skills in seo, social media, copywriting, branding. The candidate should have experience with content strategy, google ads and a background in digital marketer.",0
"Experienced professional with 10 years of experience. Skilled in machine learning, numpy, statistics, sql. Worked on multiple projects involving python, sql. Strong background in data scientist.","We are looking for a Data Scientist with strong skills in machine learning, python, numpy, statistics. The candidate should have experience with statistics, sql and a background in data scientist.",1
"Experienced professional with 9 years of experience. Skilled in webpack, typescript, javascript, redux. Worked on multiple projects involving responsive design, redux. Strong background in frontend developer.","We are looking for a DevOps Engineer with strong skills in docker, jenkins, linux, monitoring. The candidate should have experience with docker, linux and a background in devops engineer.",0
"Experienced professional with 3 years of experience. Skilled in analytics, google ads, social media, seo. Worked on multiple projects involving copywriting, content strategy. Strong background in digital marketer.","We are looking for a Digital Marketer with strong skills in seo, email marketing, google ads, branding. The candidate should have experience with content strategy, seo and a background in digital marketer.",1
"Experienced professional with 6 years of experience. Skilled in branding, social media, content strategy, email marketing. Worked on multiple projects involving seo, branding. Strong background in digital marketer.","We are looking for a Digital Marketer with strong skills in email marketing, content strategy, seo, social media. The candidate should have experience with social media, email marketing and a background in digital marketer.",1
"Experienced professional with 9 years of experience. Skilled in aws, monitoring, jenkins, networking. Worked on multiple projects involving jenkins, terraform. Strong background in devops engineer.","We are looking for a Digital Marketer with strong skills in content strategy, copywriting, email marketing, branding. The candidate should have experience with seo, google ads and a background in digital marketer.",0
"Experienced professional with 7 years of experience. Skilled in webpack, redux, typescript, css. Worked on multiple projects involving css, typescript. Strong background in frontend developer.","We are looking for a Frontend Developer with strong skills in responsive design, html, redux, typescript. The candidate should have experience with html, ui/ux and a background in frontend developer.",1
"Experienced professional with 9 years of experience. Skilled in branding, analytics, social media, copywriting. Worked on multiple projects involving copywriting, social media. Strong background in digital marketer.","We are looking for a Digital Marketer with strong skills in branding, social media, email marketing, content strategy. The candidate should have experience with content strategy, branding and a background in digital marketer.",1
"Experienced professional with 9 years of experience. Skilled in aws, jenkins, docker, kubernetes. Worked on multiple projects involving html, ui/ux. Strong background in devops engineer.","We are looking for a Frontend Developer with strong skills in redux, react, css, ui/ux. The candidate should have experience with responsive design, ui/ux and a background in frontend developer.",0
"Experienced professional with 6 years of experience. Skilled in sql, data visualization, scikit-learn, numpy. Worked on multiple projects involving sql, pandas. Strong background in data scientist.","We are looking for a DevOps Engineer with strong skills in ci/cd, aws, networking, jenkins. The candidate should have experience with terraform, aws and a background in devops engineer.",0
"Experienced professional with 8 years of experience. Skilled in email marketing, analytics, copywriting, branding. Worked on multiple projects involving terraform, ci/cd. Strong background in digital marketer.","We are looking for a DevOps Engineer with strong skills in kubernetes, terraform, linux, ci/cd. The candidate should have experience with monitoring, kubernetes and a background in devops engineer.",0
"Experienced professional with 6 years of experience. Skilled in jenkins, aws, ci/cd, terraform. Worked on multiple projects involving monitoring, jenkins. Strong background in devops engineer.","We are looking for a DevOps Engineer with strong skills in aws, kubernetes, monitoring, linux. The candidate should have experience with jenkins, monitoring and a background in devops engineer.",1
"Experienced professional with 10 years of experience. Skilled in branding, email marketing, seo, analytics. Worked on multiple projects involving google ads, email marketing. Strong background in digital marketer.","We are looking for a Digital Marketer with strong skills in analytics, seo, email marketing, google ads. The candidate should have experience with google ads, email marketing and a background in digital marketer.",1
"Experienced professional with 6 years of experience. Skilled in docker, networking, kubernetes, aws. Worked on multiple projects involving networking, linux. Strong background in devops engineer.","We are looking for a Digital Marketer with strong skills in social media, content strategy, analytics, google ads. The candidate should have experience with seo, analytics and a background in digital marketer.",0
"Experienced professional with 7 years of experience. Skilled in numpy, sql, scikit-learn, deep learning. Worked on multiple projects involving machine learning, numpy. Strong background in data scientist.","We are looking for a Frontend Developer with strong skills in javascript, typescript, webpack, css. The candidate should have experience with react, responsive design and a background in frontend developer.",0
"Experienced professional with 9 years of experience. Skilled in copywriting, seo, social media, analytics. Worked on multiple projects involving copywriting, google ads. Strong background in digital marketer.","We are looking for a Data Scientist with strong skills in pandas, deep learning, data visualization, sql. The candidate should have experience with data visualization, machine learning and a background in data scientist.",0
"Experienced professional with 8 years of experience. Skilled in data visualization, machine learning, deep learning, statistics. Worked on multiple projects involving sql, deep learning. Strong background in data scientist.","We are looking for a DevOps Engineer with strong skills in linux, aws, terraform, docker. The candidate should have experience with docker, jenkins and a background in devops engineer.",0
"Experienced professional with 8 years of experience. Skilled in python, sql, pandas, data visualization. Worked on multiple projects involving machine learning, data visualization. Strong background in data scientist.","We are looking for a Digital Marketer with strong skills in analytics, email marketing, social media, seo. The candidate should have experience with email marketing, branding and a background in digital marketer.",0
"Experienced professional with 10 years of experience. Skilled in aws, kubernetes, jenkins, docker. Worked on multiple projects involving google ads, copywriting. Strong background in devops engineer.","We are looking for a DevOps Engineer with strong skills in docker, aws, linux, networking. The candidate should have experience with terraform, kubernetes and a background in devops engineer.",1
"Experienced professional with 7 years of experience. Skilled in pandas, deep learning, data visualization, numpy. Worked on multiple projects involving python, data visualization. Strong background in data scientist.","We are looking for a Digital Marketer with strong skills in copywriting, email marketing, content strategy, google ads. The candidate should have experience with content strategy, copywriting and a background in digital marketer.",0
"Experienced professional with 8 years of experience. Skilled in pandas, statistics, deep learning, sql. Worked on multiple projects involving kubernetes, terraform. Strong background in data scientist.","We are looking for a DevOps Engineer with strong skills in monitoring, ci/cd, networking, kubernetes. The candidate should have experience with terraform, jenkins and a background in devops engineer.",0
"Experienced professional with 4 years of experience. Skilled in sql, python, machine learning, numpy. Worked on multiple projects involving python, deep learning. Strong background in data scientist.","We are looking for a Data Scientist with strong skills in machine learning, statistics, numpy, python. The candidate should have experience with sql, data visualization and a background in data scientist.",1
"Experienced professional with 6 years of experience. Skilled in python, scikit-learn, machine learning, statistics. Worked on multiple projects involving pandas, scikit-learn. Strong background in data scientist.","We are looking for a Digital Marketer with strong skills in branding, google ads, social media, analytics. The candidate should have experience with analytics, social media and a background in digital marketer.",0
"Experienced professional with 3 years of experience. Skilled in ui/ux, redux, webpack, html. Worked on multiple projects involving html, react. Strong background in frontend developer.","We are looking for a Digital Marketer with strong skills in branding, google ads, analytics, seo. The candidate should have experience with email marketing, google ads and a background in digital marketer.",0
"Experienced professional with 2 years of experience. Skilled in google ads, content strategy, seo, social media. Worked on multiple projects involving ui/ux, typescript. Strong background in digital marketer.","We are looking for a Digital Marketer with strong skills in email marketing, branding, analytics, copywriting. The candidate should have experience with seo, social media and a background in digital marketer.",1
"Experienced professional with 8 years of experience. Skilled in copywriting, branding, content strategy, seo. Worked on multiple projects involving branding, email marketing. Strong background in digital marketer.","We are looking for a Data Scientist with strong skills in numpy, pandas, statistics, sql. The candidate should have experience with python, data visualization and a background in data scientist.",0
"Experienced professional with 4 years of experience. Skilled in seo, copywriting, analytics, google ads. Worked on multiple projects involving email marketing, google ads. Strong background in digital marketer.","We are looking for a DevOps Engineer with strong skills in docker, kubernetes, ci/cd, linux. The candidate should have experience with terraform, monitoring and a background in devops engineer.",0
"Experienced professional with 5 years of experience. Skilled in seo, copywriting, branding, email marketing. Worked on multiple projects involving jenkins, pandas. Strong background in digital marketer.","We are looking for a Digital Marketer with strong skills in content strategy, email marketing, seo, social media. The candidate should have experience with google ads, analytics and a background in digital marketer.",1
"Experienced professional with 8 years of experience. Skilled in css, webpack, html, responsive design. Worked on multiple projects involving email marketing, kubernetes. Strong background in frontend developer.","We are looking for a Frontend Developer with strong skills in redux, ui/ux, css, react. The candidate should have experience with javascript, redux and a background in frontend developer.",1
"Experienced professional with 10 years of experience. Skilled in statistics, pandas, scikit-learn, python. Worked on multiple projects involving machine learning, data visualization. Strong background in data scientist.","We are looking for a Frontend Developer with strong skills in css, typescript, react, webpack. The candidate should have experience with css, ui/ux and a background in frontend developer.",0
"Experienced professional with 9 years of experience. Skilled in deep learning, sql, python, numpy. Worked on multiple projects involving python, data visualization. Strong background in data scientist.","We are looking for a Digital Marketer with strong skills in content strategy, social media, copywriting, google ads. The candidate should have experience with email marketing, google ads and a background in digital marketer.",0
"Experienced professional with 9 years of experience. Skilled in content strategy, seo, google ads, social media. Worked on multiple projects involving email marketing, branding. Strong background in digital marketer.","We are looking for a Frontend Developer with strong skills in redux, webpack, ui/ux, react. The candidate should have experience with react, css and a background in frontend developer.",0
"Experienced professional with 10 years of experience. Skilled in linux, networking, monitoring, docker. Worked on multiple projects involving terraform, docker. Strong background in devops engineer.","We are looking for a Data Scientist with strong skills in deep learning, data visualization, statistics, sql. The candidate should have experience with sql, data visualization and a background in data scientist.",0
"Experienced professional with 7 years of experience. Skilled in machine learning, sql, data visualization, statistics. Worked on multiple projects involving pandas, scikit-learn. Strong background in data scientist.","We are looking for a Digital Marketer with strong skills in analytics, content strategy, google ads, copywriting. The candidate should have experience with analytics, content strategy and a background in digital marketer.",0
"Experienced professional with 2 years of experience. Skilled in react, javascript, ui/ux, typescript. Worked on multiple projects involving redux, responsive design. Strong background in frontend developer.","We are looking for a Frontend Developer with strong skills in css, ui/ux, responsive design, webpack. The candidate should have experience with javascript, html and a background in frontend developer.",1
"Experienced professional with 5 years of experience. Skilled in deep learning, statistics, pandas, machine learning. Worked on multiple projects involving statistics, numpy. Strong background in data scientist.","We are looking for a Data Scientist with strong skills in scikit-learn, machine learning, sql, data visualization. The candidate should have experience with python, machine learning and a background in data scientist.",1
"Experienced professional with 9 years of experience. Skilled in data visualization, scikit-learn, numpy, sql. Worked on multiple projects involving sql, numpy. Strong background in data scientist.","We are looking for a Data Scientist with strong skills in pandas, deep learning, scikit-learn, sql. The candidate should have experience with python, machine learning and a background in data scientist.",1
"Experienced professional with 7 years of experience. Skilled in copywriting, google ads, seo, email marketing. Worked on multiple projects involving email marketing, social media. Strong background in digital marketer.","We are looking for a Digital Marketer with strong skills in branding, analytics, email marketing, google ads. The candidate should have experience with seo, copywriting and a background in digital marketer.",1
"Experienced professional with 9 years of experience. Skilled in ci/cd, aws, jenkins, monitoring. Worked on multiple projects involving data visualization, statistics. Strong background in devops engineer.","We are looking for a Data Scientist with strong skills in data visualization, sql, scikit-learn, numpy. The candidate should have experience with deep learning, scikit-learn and a background in data scientist.",0
"Experienced professional with 9 years of experience. Skilled in branding, content strategy, seo, google ads. Worked on multiple projects involving social media, content strategy. Strong background in digital marketer.","We are looking for a Frontend Developer with strong skills in ui/ux, react, typescript, javascript. The candidate should have experience with webpack, css and a background in frontend developer.",0
"Experienced professional with 5 years of experience. Skilled in ci/cd, networking, monitoring, kubernetes. Worked on multiple projects involving networking, docker. Strong background in devops engineer.","We are looking for a Digital Marketer with strong skills in branding, analytics, seo, copywriting. The candidate should have experience with branding, analytics and a background in digital marketer.",0
"Experienced professional with 1 years of experience. Skilled in webpack, responsive design, ui/ux, css. Worked on multiple projects involving react, redux. Strong background in frontend developer.","We are looking for a DevOps Engineer with strong skills in jenkins, kubernetes, terraform, ci/cd. The candidate should have experience with ci/cd, docker and a background in devops engineer.",0
"Experienced professional with 7 years of experience. Skilled in deep learning, machine learning, pandas, data visualization. Worked on multiple projects involving scikit-learn, deep learning. Strong background in data scientist.","We are looking for a Digital Marketer with strong skills in google ads, seo, branding, social media. The candidate should have experience with social media, google ads and a background in digital marketer.",0
"Experienced professional with 9 years of experience. Skilled in react, typescript, css, ui/ux. Worked on multiple projects involving ui/ux, css. Strong background in frontend developer.","We are looking for a Frontend Developer with strong skills in css, typescript, ui/ux, webpack. The candidate should have experience with ui/ux, responsive design and a background in frontend developer.",1
"Experienced professional with 6 years of experience. Skilled in data visualization, sql, scikit-learn, python. Worked on multiple projects involving pandas, scikit-learn. Strong background in data scientist.","We are looking for a Data Scientist with strong skills in deep learning, python, sql, machine learning. The candidate should have experience with deep learning, scikit-learn and a background in data scientist.",1
"Experienced professional with 2 years of experience. Skilled in javascript, react, ui/ux, html. Worked on multiple projects involving html, webpack. Strong background in frontend developer.","We are looking for a Data Scientist with strong skills in python, sql, scikit-learn, numpy. The candidate should have experience with pandas, data visualization and a background in data scientist.",0
"Experienced professional with 7 years of experience. Skilled in sql, machine learning, deep learning, scikit-learn. Worked on multiple projects involving deep learning, sql. Strong background in data scientist.","We are looking for a Digital Marketer with strong skills in social media, branding, content strategy, analytics. The candidate should have experience with email marketing, seo and a background in digital marketer.",0
"Experienced professional with 6 years of experience. Skilled in data visualization, statistics, machine learning, pandas. Worked on multiple projects involving sql, statistics. Strong background in data scientist.","We are looking for a Digital Marketer with strong skills in seo, google ads, content strategy, social media. The candidate should have experience with google ads, analytics and a background in digital marketer.",0
"Experienced professional with 4 years of experience. Skilled in linux, ci/cd, docker, kubernetes. Worked on multiple projects involving ci/cd, jenkins. Strong background in devops engineer.","We are looking for a DevOps Engineer with strong skills in monitoring, linux, ci/cd, kubernetes. The candidate should have experience with linux, ci/cd and a background in devops engineer.",1
"Experienced professional with 4 years of experience. Skilled in css, redux, responsive design, ui/ux. Worked on multiple projects involving javascript, responsive design. Strong background in frontend developer.","We are looking for a Frontend Developer with strong skills in react, responsive design, ui/ux, typescript. The candidate should have experience with css, typescript and a background in frontend developer.",1
"Experienced professional with 7 years of experience. Skilled in linux, monitoring, terraform, networking. Worked on multiple projects involving terraform, linux. Strong background in devops engineer.","We are looking for a DevOps Engineer with strong skills in jenkins, linux, terraform, docker. The candidate should have experience with monitoring, kubernetes and a background in devops engineer.",1
"Experienced professional with 2 years of experience. Skilled in html, typescript, react, redux. Worked on multiple projects involving redux, webpack. Strong background in frontend developer.","We are looking for a Digital Marketer with strong skills in social media, analytics, seo, branding. The candidate should have experience with branding, analytics and a background in digital marketer.",0
"Experienced professional with 8 years of experience. Skilled in networking, kubernetes, ci/cd, linux. Worked on multiple projects involving networking, terraform. Strong background in devops engineer.","We are looking for a DevOps Engineer with strong skills in docker, kubernetes, aws, jenkins. The candidate should have experience with monitoring, networking and a background in devops engineer.",1
"Experienced professional with 9 years of experience. Skilled in python, numpy, data visualization, statistics. Worked on multiple projects involving numpy, scikit-learn. Strong background in data scientist.","We are looking for a DevOps Engineer with strong skills in aws, networking, docker, kubernetes. The candidate should have experience with kubernetes, docker and a background in devops engineer.",0
"Experienced professional with 6 years of experience. Skilled in seo, email marketing, google ads, branding. Worked on multiple projects involving seo, email marketing. Strong background in digital marketer.","We are looking for a Digital Marketer with strong skills in analytics, content strategy, seo, google ads. The candidate should have experience with social media, google ads and a background in digital marketer.",1
"Experienced professional with 7 years of experience. Skilled in machine learning, numpy, statistics, scikit-learn. Worked on multiple projects involving numpy, machine learning. Strong background in data scientist.","We are looking for a Data Scientist with strong skills in deep learning, scikit-learn, pandas, statistics. The candidate should have experience with data visualization, python and a background in data scientist.",1
"Experienced professional with 8 years of experience. Skilled in jenkins, kubernetes, monitoring, ci/cd. Worked on multiple projects involving kubernetes, linux. Strong background in devops engineer.","We are looking for a Digital Marketer with strong skills in seo, google ads, copywriting, content strategy. The candidate should have experience with branding, google ads and a background in digital marketer.",0
"Experienced professional with 6 years of experience. Skilled in react, css, html, ui/ux. Worked on multiple projects involving typescript, webpack. Strong background in frontend developer.","We are looking for a Frontend Developer with strong skills in react, responsive design, ui/ux, redux. The candidate should have experience with typescript, html and a background in frontend developer.",1
"Experienced professional with 9 years of experience. Skilled in networking, docker, terraform, monitoring. Worked on multiple projects involving docker, ci/cd. Strong background in devops engineer.","We are looking for a Frontend Developer with strong skills in webpack, javascript, typescript, redux. The candidate should have experience with webpack, redux and a background in frontend developer.",0
"Experienced professional with 4 years of experience. Skilled in responsive design, typescript, html, javascript. Worked on multiple projects involving react, css. Strong background in frontend developer.","We are looking for a Data Scientist with strong skills in data visualization, numpy, deep learning, python. The candidate should have experience with numpy, sql and a background in data scientist.",0
"Experienced professional with 3 years of experience. Skilled in linux, kubernetes, aws, terraform. Worked on multiple projects involving ci/cd, terraform. Strong background in devops engineer.","We are looking for a DevOps Engineer with strong skills in monitoring, jenkins, aws, terraform. The candidate should have experience with docker, monitoring and a background in devops engineer.",1
"Experienced professional with 8 years of experience. Skilled in analytics, email marketing, google ads, social media. Worked on multiple projects involving seo, google ads. Strong background in digital marketer.","We are looking for a Digital Marketer with strong skills in copywriting, email marketing, branding, seo. The candidate should have experience with branding, content strategy and a background in digital marketer.",1
"Experienced professional with 4 years of experience. Skilled in docker, linux, ci/cd, aws. Worked on multiple projects involving docker, aws. Strong background in devops engineer.","We are looking for a Digital Marketer with strong skills in seo, social media, email marketing, copywriting. The candidate should have experience with copywriting, content strategy and a background in digital marketer.",0
"Experienced professional with 1 years of experience. Skilled in html, react, webpack, css. Worked on multiple projects involving redux, typescript. Strong background in frontend developer.","We are looking for a Frontend Developer with strong skills in html, javascript, responsive design, redux. The candidate should have experience with html, responsive design and a background in frontend developer.",1
"Experienced professional with 2 years of experience. Skilled in css, html, ui/ux, typescript. Worked on multiple projects involving css, react. Strong background in frontend developer.","We are looking for a Frontend Developer with strong skills in react, javascript, typescript, redux. The candidate should have experience with html, responsive design and a background in frontend developer.",1
"Experienced professional with 10 years of experience. Skilled in css, redux, webpack, responsive design. Worked on multiple projects involving javascript, redux. Strong background in frontend developer.","We are looking for a Frontend Developer with strong skills in javascript, css, typescript, responsive design. The candidate should have experience with redux, html and a background in frontend developer.",1
"Experienced professional with 3 years of experience. Skilled in statistics, pandas, sql, scikit-learn. Worked on multiple projects involving data visualization, deep learning. Strong background in data scientist.","We are looking for a Frontend Developer with strong skills in responsive design, typescript, css, ui/ux. The candidate should have experience with redux, typescript and a background in frontend developer.",0
"Experienced professional with 8 years of experience. Skilled in webpack, ui/ux, responsive design, html. Worked on multiple projects involving webpack, responsive design. Strong background in frontend developer.","We are looking for a DevOps Engineer with strong skills in aws, monitoring, kubernetes, ci/cd. The candidate should have experience with kubernetes, linux and a background in devops engineer.",0
"Experienced professional with 5 years of experience. Skilled in responsive design, react, html, webpack. Worked on multiple projects involving typescript, ui/ux. Strong background in frontend developer.","We are looking for a Frontend Developer with strong skills in ui/ux, redux, typescript, responsive design. The candidate should have experience with typescript, ui/ux and a background in frontend developer.",1
"Experienced professional with 3 years of experience. Skilled in deep learning, sql, scikit-learn, statistics. Worked on multiple projects involving sql, scikit-learn. Strong background in data scientist.","We are looking for a Data Scientist with strong skills in scikit-learn, data visualization, sql, pandas. The candidate should have experience with deep learning, python and a background in data scientist.",1
"Experienced professional with 3 years of experience. Skilled in statistics, deep learning, sql, python. Worked on multiple projects involving responsive design, ci/cd. Strong background in data scientist.","We are looking for a Data Scientist with strong skills in sql, data visualization, python, statistics. The candidate should have experience with sql, numpy and a background in data scientist.",1
"Experienced professional with 10 years of experience. Skilled in ui/ux, typescript, redux, html. Worked on multiple projects involving responsive design, redux. Strong background in frontend developer.","We are looking for a Data Scientist with strong skills in sql, scikit-learn, numpy, data visualization. The candidate should have experience with machine learning, deep learning and a background in data scientist.",0
"Experienced professional with 4 years of experience. Skilled in content strategy, analytics, seo, social media. Worked on multiple projects involving seo, copywriting. Strong background in digital marketer.","We are looking for a Frontend Developer with strong skills in webpack, responsive design, typescript, javascript. The candidate should have experience with ui/ux, redux and a background in frontend developer.",0
"Experienced professional with 9 years of experience. Skilled in react, typescript, responsive design, css. Worked on multiple projects involving redux, html. Strong background in frontend developer.","We are looking for a Data Scientist with strong skills in pandas, statistics, deep learning, data visualization. The candidate should have experience with scikit-learn, pandas and a background in data scientist.",0
"Experienced professional with 3 years of experience. Skilled in monitoring, ci/cd, docker, terraform. Worked on multiple projects involving jenkins, ci/cd. Strong background in devops engineer.","We are looking for a DevOps Engineer with strong skills in docker, jenkins, terraform, ci/cd. The candidate should have experience with monitoring, kubernetes and a background in devops engineer.",1
"Experienced professional with 1 years of experience. Skilled in python, machine learning, statistics, numpy. Worked on multiple projects involving linux, redux. Strong background in data scientist.","We are looking for a Data Scientist with strong skills in pandas, data visualization, machine learning, sql. The candidate should have experience with deep learning, python and a background in data scientist.",1
"Experienced professional with 9 years of experience. Skilled in react, html, css, webpack. Worked on multiple projects involving ui/ux, html. Strong background in frontend developer.","We are looking for a Digital Marketer with strong skills in branding, content strategy, copywriting, social media. The candidate should have experience with branding, social media and a background in digital marketer.",0
"Experienced professional with 7 years of experience. Skilled in analytics, copywriting, branding, content strategy. Worked on multiple projects involving content strategy, email marketing. Strong background in digital marketer.","We are looking for a Digital Marketer with strong skills in content strategy, email marketing, branding, analytics. The candidate should have experience with analytics, seo and a background in digital marketer.",1
"Experienced professional with 8 years of experience. Skilled in python, machine learning, data visualization, scikit-learn. Worked on multiple projects involving data visualization, deep learning. Strong background in data scientist.","We are looking for a DevOps Engineer with strong skills in kubernetes, terraform, jenkins, ci/cd. The candidate should have experience with aws, monitoring and a background in devops engineer.",0
"Experienced professional with 7 years of experience. Skilled in content strategy, branding, google ads, copywriting. Worked on multiple projects involving css, data visualization. Strong background in digital marketer.","We are looking for a Digital Marketer with strong skills in email marketing, copywriting, seo, content strategy. The candidate should have experience with email marketing, branding and a background in digital marketer.",1
"Experienced professional with 9 years of experience. Skilled in javascript, redux, webpack, css. Worked on multiple projects involving analytics, email marketing. Strong background in frontend developer.","We are looking for a Frontend Developer with strong skills in typescript, ui/ux, react, javascript. The candidate should have experience with typescript, css and a background in frontend developer.",1
"Experienced professional with 4 years of experience. Skilled in webpack, responsive design, html, react. Worked on multiple projects involving seo, copywriting. Strong background in frontend developer.","We are looking for a Digital Marketer with strong skills in seo, copywriting, branding, analytics. The candidate should have experience with analytics, email marketing and a background in digital marketer.",0
"Experienced professional with 10 years of experience. Skilled in social media, google ads, branding, content strategy. Worked on multiple projects involving branding, content strategy. Strong background in digital marketer.","We are looking for a DevOps Engineer with strong skills in networking, kubernetes, aws, ci/cd. The candidate should have experience with jenkins, kubernetes and a background in devops engineer.",0
"Experienced professional with 8 years of experience. Skilled in copywriting, social media, email marketing, content strategy. Worked on multiple projects involving email marketing, social media. Strong background in digital marketer.","We are looking for a Data Scientist with strong skills in numpy, scikit-learn, machine learning, sql. The candidate should have experience with statistics, sql and a background in data scientist.",0
"Experienced professional with 3 years of experience. Skilled in aws, terraform, docker, networking. Worked on multiple projects involving ci/cd, terraform. Strong background in devops engineer.","We are looking for a Digital Marketer with strong skills in analytics, branding, seo, email marketing. The candidate should have experience with seo, google ads and a background in digital marketer.",0
"Experienced professional with 2 years of experience. Skilled in numpy, machine learning, statistics, deep learning. Worked on multiple projects involving sql, scikit-learn. Strong background in data scientist.","We are looking for a Data Scientist with strong skills in machine learning, numpy, data visualization, python. The candidate should have experience with deep learning, statistics and a background in data scientist.",1
"Experienced professional with 2 years of experience. Skilled in html, redux, javascript, webpack. Worked on multiple projects involving social media, sql. Strong background in frontend developer.","We are looking for a Frontend Developer with strong skills in responsive design, javascript, html, typescript. The candidate should have experience with css, html and a background in frontend developer.",1
"Experienced professional with 2 years of experience. Skilled in terraform, monitoring, networking, ci/cd. Worked on multiple projects involving docker, ci/cd. Strong background in devops engineer.","We are looking for a Digital Marketer with strong skills in branding, google ads, content strategy, copywriting. The candidate should have experience with branding, google ads and a background in digital marketer.",0
"Experienced professional with 6 years of experience. Skilled in analytics, email marketing, social media, copywriting. Worked on multiple projects involving content strategy, analytics. Strong background in digital marketer.","We are looking for a Digital Marketer with strong skills in content strategy, analytics, social media, copywriting. The candidate should have experience with seo, email marketing and a background in digital marketer.",1
"Experienced professional with 9 years of experience. Skilled in ci/cd, kubernetes, docker, linux. Worked on multiple projects involving networking, jenkins. Strong background in devops engineer.","We are looking for a Data Scientist with strong skills in machine learning, pandas, sql, data visualization. The candidate should have experience with scikit-learn, statistics and a background in data scientist.",0
"Experienced professional with 1 years of experience. Skilled in data visualization, statistics, scikit-learn, deep learning. Worked on multiple projects involving scikit-learn, pandas. Strong background in data scientist.","We are looking for a DevOps Engineer with strong skills in docker, ci/cd, linux, kubernetes. The candidate should have experience with monitoring, ci/cd and a background in devops engineer.",0
"Experienced professional with 1 years of experience. Skilled in javascript, react, css, html. Worked on multiple projects involving react, html. Strong background in frontend developer.","We are looking for a Data Scientist with strong skills in numpy, deep learning, python, statistics. The candidate should have experience with deep learning, numpy and a background in data scientist.",0
"Experienced professional with 10 years of experience. Skilled in sql, numpy, scikit-learn, data visualization. Worked on multiple projects involving deep learning, python. Strong background in data scientist.","We are looking for a Data Scientist with strong skills in data visualization, numpy, scikit-learn, python. The candidate should have experience with statistics, deep learning and a background in data scientist.",1
"Experienced professional with 8 years of experience. Skilled in numpy, deep learning, sql, scikit-learn. Worked on multiple projects involving content strategy, social media. Strong background in data scientist.","We are looking for a Digital Marketer with strong skills in email marketing, content strategy, branding, social media. The candidate should have experience with branding, seo and a background in digital marketer.",0
"Experienced professional with 2 years of experience. Skilled in branding, copywriting, google ads, analytics. Worked on multiple projects involving css, typescript. Strong background in digital marketer.","We are looking for a Digital Marketer with strong skills in branding, analytics, google ads, copywriting. The candidate should have experience with copywriting, analytics and a background in digital marketer.",1
"Experienced professional with 9 years of experience. Skilled in aws, docker, ci/cd, monitoring. Worked on multiple projects involving webpack, email marketing. Strong background in devops engineer.","We are looking for a DevOps Engineer with strong skills in jenkins, ci/cd, kubernetes, aws. The candidate should have experience with jenkins, ci/cd and a background in devops engineer.",1
"Experienced professional with 3 years of experience. Skilled in content strategy, copywriting, social media, analytics. Worked on multiple projects involving analytics, branding. Strong background in digital marketer.","We are looking for a DevOps Engineer with strong skills in ci/cd, docker, aws, terraform. The candidate should have experience with kubernetes, ci/cd and a background in devops engineer.",0
"Experienced professional with 7 years of experience. Skilled in html, react, javascript, ui/ux. Worked on multiple projects involving responsive design, webpack. Strong background in frontend developer.","We are looking for a Data Scientist with strong skills in data visualization, python, pandas, sql. The candidate should have experience with statistics, data visualization and a background in data scientist.",0
"Experienced professional with 1 years of experience. Skilled in linux, ci/cd, networking, jenkins. Worked on multiple projects involving linux, aws. Strong background in devops engineer.","We are looking for a Data Scientist with strong skills in python, scikit-learn, pandas, data visualization. The candidate should have experience with python, statistics and a background in data scientist.",0
"Experienced professional with 4 years of experience. Skilled in python, numpy, scikit-learn, data visualization. Worked on multiple projects involving sql, statistics. Strong background in data scientist.","We are looking for a Frontend Developer with strong skills in responsive design, html, react, typescript. The candidate should have experience with html, responsive design and a background in frontend developer.",0
"Experienced professional with 1 years of experience. Skilled in seo, email marketing, social media, copywriting. Worked on multiple projects involving responsive design, monitoring. Strong background in digital marketer.","We are looking for a Digital Marketer with strong skills in copywriting, analytics, email marketing, seo. The candidate should have experience with seo, copywriting and a background in digital marketer.",1
"Experienced professional with 7 years of experience. Skilled in google ads, analytics, branding, social media. Worked on multiple projects involving content strategy, copywriting. Strong background in digital marketer.","We are looking for a Digital Marketer with strong skills in seo, google ads, email marketing, branding. The candidate should have experience with copywriting, email marketing and a background in digital marketer.",1
"Experienced professional with 5 years of experience. Skilled in react, html, redux, javascript. Worked on multiple projects involving redux, html. Strong background in frontend developer.","We are looking for a DevOps Engineer with strong skills in monitoring, kubernetes, docker, terraform. The candidate should have experience with kubernetes, docker and a background in devops engineer.",0
"Experienced professional with 2 years of experience. Skilled in scikit-learn, statistics, data visualization, sql. Worked on multiple projects involving python, numpy. Strong background in data scientist.","We are looking for a Digital Marketer with strong skills in analytics, content strategy, copywriting, email marketing. The candidate should have experience with copywriting, social media and a background in digital marketer.",0
"Experienced professional with 9 years of experience. Skilled in google ads, email marketing, content strategy, analytics. Worked on multiple projects involving branding, email marketing. Strong background in digital marketer.","We are looking for a Digital Marketer with strong skills in copywriting, seo, email marketing, content strategy. The candidate should have experience with analytics, social media and a background in digital marketer.",1
"Experienced professional with 6 years of experience. Skilled in javascript, react, redux, html. Worked on multiple projects involving css, javascript. Strong background in frontend developer.","We are looking for a Frontend Developer with strong skills in redux, typescript, react, responsive design. The candidate should have experience with ui/ux, responsive design and a background in frontend developer.",1
"Experienced professional with 4 years of experience. Skilled in redux, react, javascript, typescript. Worked on multiple projects involving ui/ux, react. Strong background in frontend developer.","We are looking for a Digital Marketer with strong skills in seo, email marketing, content strategy, social media. The candidate should have experience with seo, social media and a background in digital marketer.",0
"Experienced professional with 9 years of experience. Skilled in email marketing, seo, branding, google ads. Worked on multiple projects involving content strategy, seo. Strong background in digital marketer.","We are looking for a Digital Marketer with strong skills in google ads, copywriting, social media, branding. The candidate should have experience with seo, social media and a background in digital marketer.",1
"Experienced professional with 6 years of experience. Skilled in ci/cd, monitoring, networking, aws. Worked on multiple projects involving kubernetes, monitoring. Strong background in devops engineer.","We are looking for a Digital Marketer with strong skills in seo, google ads, branding, email marketing. The candidate should have experience with content strategy, social media and a background in digital marketer.",0
"Experienced professional with 1 years of experience. Skilled in python, deep learning, statistics, scikit-learn. Worked on multiple projects involving data visualization, pandas. Strong background in data scientist.","We are looking for a DevOps Engineer with strong skills in terraform, kubernetes, aws, ci/cd. The candidate should have experience with networking, linux and a background in devops engineer.",0
"Experienced professional with 10 years of experience. Skilled in pandas, sql, machine learning, scikit-learn. Worked on multiple projects involving deep learning, sql. Strong background in data scientist.","We are looking for a Data Scientist with strong skills in numpy, statistics, machine learning, data visualization. The candidate should have experience with data visualization, scikit-learn and a background in data scientist.",1
"Experienced professional with 7 years of experience. Skilled in sql, pandas, python, scikit-learn. Worked on multiple projects involving statistics, numpy. Strong background in data scientist.","We are looking for a Digital Marketer with strong skills in google ads, analytics, social media, seo. The candidate should have experience with google ads, copywriting and a background in digital marketer.",0
"Experienced professional with 2 years of experience. Skilled in webpack, javascript, typescript, html. Worked on multiple projects involving typescript, javascript. Strong background in frontend developer.","We are looking for a Digital Marketer with strong skills in social media, seo, google ads, copywriting. The candidate should have experience with social media, content strategy and a background in digital marketer.",0
"Experienced professional with 10 years of experience. Skilled in sql, machine learning, data visualization, pandas. Worked on multiple projects involving pandas, python. Strong background in data scientist.","We are looking for a DevOps Engineer with strong skills in kubernetes, networking, terraform, monitoring. The candidate should have experience with terraform, aws and a background in devops engineer.",0
"Experienced professional with 1 years of experience. Skilled in scikit-learn, sql, deep learning, numpy. Worked on multiple projects involving machine learning, data visualization. Strong background in data scientist.","We are looking for a Data Scientist with strong skills in sql, scikit-learn, pandas, machine learning. The candidate should have experience with data visualization, statistics and a background in data scientist.",1
"Experienced professional with 10 years of experience. Skilled in sql, python, data visualization, deep learning. Worked on multiple projects involving statistics, scikit-learn. Strong background in data scientist.","We are looking for a Data Scientist with strong skills in scikit-learn, statistics, python, deep learning. The candidate should have experience with sql, pandas and a background in data scientist.",1
"Experienced professional with 5 years of experience. Skilled in linux, kubernetes, docker, jenkins. Worked on multiple projects involving monitoring, linux. Strong background in devops engineer.","We are looking for a Data Scientist with strong skills in pandas, scikit-learn, statistics, data visualization. The candidate should have experience with pandas, scikit-learn and a background in data scientist.",0
"Experienced professional with 10 years of experience. Skilled in seo, social media, branding, analytics. Worked on multiple projects involving analytics, social media. Strong background in digital marketer.","We are looking for a Digital Marketer with strong skills in email marketing, google ads, copywriting, content strategy. The candidate should have experience with copywriting, seo and a background in digital marketer.",1
"Experienced professional with 7 years of experience. Skilled in python, scikit-learn, machine learning, pandas. Worked on multiple projects involving docker, ci/cd. Strong background in data scientist.","We are looking for a DevOps Engineer with strong skills in ci/cd, docker, aws, networking. The candidate should have experience with networking, monitoring and a background in devops engineer.",0
"Experienced professional with 2 years of experience. Skilled in react, responsive design, webpack, html. Worked on multiple projects involving typescript, redux. Strong background in frontend developer.","We are looking for a Frontend Developer with strong skills in ui/ux, javascript, react, webpack. The candidate should have experience with ui/ux, javascript and a background in frontend developer.",1
"Experienced professional with 1 years of experience. Skilled in python, statistics, sql, deep learning. Worked on multiple projects involving data visualization, python. Strong background in data scientist.","We are looking for a Data Scientist with strong skills in pandas, data visualization, python, numpy. The candidate should have experience with data visualization, sql and a background in data scientist.",1
"Experienced professional with 2 years of experience. Skilled in branding, copywriting, analytics, social media. Worked on multiple projects involving branding, email marketing. Strong background in digital marketer.","We are looking for a Data Scientist with strong skills in pandas, python, statistics, deep learning. The candidate should have experience with sql, numpy and a background in data scientist.",0
"Experienced professional with 1 years of experience. Skilled in javascript, webpack, html, typescript. Worked on multiple projects involving html, typescript. Strong background in frontend developer.","We are looking for a Frontend Developer with strong skills in react, html, ui/ux, redux. The candidate should have experience with ui/ux, react and a background in frontend developer.",1
"Experienced professional with 6 years of experience. Skilled in seo, branding, social media, content strategy. Worked on multiple projects involving branding, analytics. Strong background in digital marketer.","We are looking for a Digital Marketer with strong skills in content strategy, email marketing, analytics, google ads. The candidate should have experience with content strategy, google ads and a background in digital marketer.",1
"Experienced professional with 3 years of experience. Skilled in deep learning, sql, scikit-learn, data visualization. Worked on multiple projects involving machine learning, scikit-learn. Strong background in data scientist.","We are looking for a Digital Marketer with strong skills in google ads, content strategy, analytics, email marketing. The candidate should have experience with content strategy, branding and a background in digital marketer.",0
"Experienced professional with 5 years of experience. Skilled in responsive design, html, javascript, typescript. Worked on multiple projects involving email marketing, numpy. Strong background in frontend developer.","We are looking for a Frontend Developer with strong skills in responsive design, redux, react, javascript. The candidate should have experience with javascript, react and a background in frontend developer.",1
"Experienced professional with 3 years of experience. Skilled in redux, css, responsive design, ui/ux. Worked on multiple projects involving html, ui/ux. Strong background in frontend developer.","We are looking for a Frontend Developer with strong skills in javascript, webpack, typescript, responsive design. The candidate should have experience with react, typescript and a background in frontend developer.",1
"Experienced professional with 1 years of experience. Skilled in javascript, react, html, typescript. Worked on multiple projects involving statistics, scikit-learn. Strong background in frontend developer.","We are looking for a Data Scientist with strong skills in pandas, machine learning, data visualization, numpy. The candidate should have experience with data visualization, scikit-learn and a background in data scientist.",0
"Experienced professional with 2 years of experience. Skilled in typescript, javascript, css, redux. Worked on multiple projects involving redux, typescript. Strong background in frontend developer.","We are looking for a Digital Marketer with strong skills in google ads, email marketing, seo, copywriting. The candidate should have experience with seo, analytics and a background in digital marketer.",0
"Experienced professional with 5 years of experience. Skilled in react, html, javascript, typescript. Worked on multiple projects involving responsive design, javascript. Strong background in frontend developer.","We are looking for a Digital Marketer with strong skills in email marketing, google ads, copywriting, seo. The candidate should have experience with email marketing, analytics and a background in digital marketer.",0
"Experienced professional with 4 years of experience. Skilled in jenkins, terraform, aws, docker. Worked on multiple projects involving ci/cd, terraform. Strong background in devops engineer.","We are looking for a DevOps Engineer with strong skills in linux, kubernetes, terraform, monitoring. The candidate should have experience with monitoring, jenkins and a background in devops engineer.",1
"Experienced professional with 10 years of experience. Skilled in ui/ux, redux, responsive design, javascript. Worked on multiple projects involving ui/ux, responsive design. Strong background in frontend developer.","We are looking for a Frontend Developer with strong skills in css, typescript, redux, html. The candidate should have experience with html, ui/ux and a background in frontend developer.",1
"Experienced professional with 1 years of experience. Skilled in typescript, redux, javascript, ui/ux. Worked on multiple projects involving html, react. Strong background in frontend developer.","We are looking for a Frontend Developer with strong skills in ui/ux, css, react, redux. The candidate should have experience with webpack, typescript and a background in frontend developer.",1
"Experienced professional with 7 years of experience. Skilled in social media, content strategy, analytics, google ads. Worked on multiple projects involving google ads, content strategy. Strong background in digital marketer.","We are looking for a Digital Marketer with strong skills in social media, google ads, email marketing, copywriting. The candidate should have experience with branding, seo and a background in digital marketer.",1
"Experienced professional with 7 years of experience. Skilled in aws, ci/cd, terraform, monitoring. Worked on multiple projects involving networking, linux. Strong background in devops engineer.","We are looking for a Data Scientist with strong skills in python, numpy, sql, machine learning. The candidate should have experience with scikit-learn, machine learning and a background in data scientist.",0
"Experienced professional with 9 years of experience. Skilled in redux, javascript, responsive design, webpack. Worked on multiple projects involving copywriting, deep learning. Strong background in frontend developer.","We are looking for a Frontend Developer with strong skills in webpack, react, redux, ui/ux. The candidate should have experience with html, javascript and a background in frontend developer.",1
"Experienced professional with 8 years of experience. Skilled in analytics, social media, branding, google ads. Worked on multiple projects involving social media, content strategy. Strong background in digital marketer.","We are looking for a Frontend Developer with strong skills in redux, ui/ux, css, responsive design. The candidate should have experience with webpack, redux and a background in frontend developer.",0
"Experienced professional with 6 years of experience. Skilled in linux, kubernetes, terraform, networking. Worked on multiple projects involving terraform, aws. Strong background in devops engineer.","We are looking for a Data Scientist with strong skills in scikit-learn, deep learning, data visualization, pandas. The candidate should have experience with python, statistics and a background in data scientist.",0
"Experienced professional with 10 years of experience. Skilled in email marketing, branding, copywriting, seo. Worked on multiple projects involving copywriting, branding. Strong background in digital marketer.","We are looking for a Digital Marketer with strong skills in content strategy, email marketing, social media, seo. The candidate should have experience with seo, branding and a background in digital marketer.",1
"Experienced professional with 4 years of experience. Skilled in numpy, machine learning, python, deep learning. Worked on multiple projects involving seo, email marketing. Strong background in data scientist.","We are looking for a Digital Marketer with strong skills in google ads, content strategy, branding, seo. The candidate should have experience with email marketing, social media and a background in digital marketer.",0
"Experienced professional with 3 years of experience. Skilled in ui/ux, css, webpack, redux. Worked on multiple projects involving typescript, responsive design. Strong background in frontend developer.","We are looking for a Frontend Developer with strong skills in typescript, css, ui/ux, responsive design. The candidate should have experience with css, redux and a background in frontend developer.",1
"Experienced professional with 2 years of experience. Skilled in pandas, python, scikit-learn, data visualization. Worked on multiple projects involving machine learning, numpy. Strong background in data scientist.","We are looking for a DevOps Engineer with strong skills in ci/cd, docker, monitoring, aws. The candidate should have experience with terraform, linux and a background in devops engineer.",0
"Experienced professional with 4 years of experience. Skilled in aws, kubernetes, jenkins, ci/cd. Worked on multiple projects involving aws, linux. Strong background in devops engineer.","We are looking for a DevOps Engineer with strong skills in terraform, ci/cd, aws, kubernetes. The candidate should have experience with docker, networking and a background in devops engineer.",1
"Experienced professional with 6 years of experience. Skilled in html, css, ui/ux, webpack. Worked on multiple projects involving webpack, redux. Strong background in frontend developer.","We are looking for a Frontend Developer with strong skills in react, html, redux, css. The candidate should have experience with react, javascript and a background in frontend developer.",1
"Experienced professional with 7 years of experience. Skilled in machine learning, pandas, data visualization, python. Worked on multiple projects involving sql, scikit-learn. Strong background in data scientist.","We are looking for a Data Scientist with strong skills in machine learning, numpy, data visualization, statistics. The candidate should have experience with sql, statistics and a background in data scientist.",1
"Experienced professional with 2 years of experience. Skilled in linux, kubernetes, docker, aws. Worked on multiple projects involving monitoring, terraform. Strong background in devops engineer.","We are looking for a Digital Marketer with strong skills in social media, content strategy, copywriting, branding. The candidate should have experience with analytics, social media and a background in digital marketer.",0
"Experienced professional with 6 years of experience. Skilled in redux, typescript, html, css. Worked on multiple projects involving ui/ux, responsive design. Strong background in frontend developer.","We are looking for a Data Scientist with strong skills in data visualization, machine learning, pandas, numpy. The candidate should have experience with machine learning, deep learning and a background in data scientist.",0
"Experienced professional with 3 years of experience. Skilled in terraform, ci/cd, aws, monitoring. Worked on multiple projects involving linux, networking. Strong background in devops engineer.","We are looking for a Frontend Developer with strong skills in react, redux, html, typescript. The candidate should have experience with typescript, html and a background in frontend developer.",0
"Experienced professional with 8 years of experience. Skilled in google ads, seo, content strategy, branding. Worked on multiple projects involving google ads, content strategy. Strong background in digital marketer.","We are looking for a Frontend Developer with strong skills in html, css, redux, javascript. The candidate should have experience with responsive design, webpack and a background in frontend developer.",0
"Experienced professional with 8 years of experience. Skilled in ci/cd, aws, jenkins, monitoring. Worked on multiple projects involving networking, monitoring. Strong background in devops engineer.","We are looking for a Frontend Developer with strong skills in ui/ux, typescript, html, javascript. The candidate should have experience with webpack, react and a background in frontend developer.",0
"Experienced professional with 10 years of experience. Skilled in webpack, redux, javascript, css. Worked on multiple projects involving ui/ux, javascript. Strong background in frontend developer.","We are looking for a Frontend Developer with strong skills in react, css, html, responsive design. The candidate should have experience with webpack, responsive design and a background in frontend developer.",1
"Experienced professional with 5 years of experience. Skilled in terraform, networking, monitoring, ci/cd. Worked on multiple projects involving kubernetes, docker. Strong background in devops engineer.","We are looking for a Digital Marketer with strong skills in copywriting, email marketing, analytics, seo. The candidate should have experience with seo, analytics and a background in digital marketer.",0
"Experienced professional with 5 years of experience. Skilled in social media, email marketing, content strategy, copywriting. Worked on multiple projects involving branding, social media. Strong background in digital marketer.","We are looking for a Digital Marketer with strong skills in google ads, social media, copywriting, analytics. The candidate should have experience with content strategy, branding and a background in digital marketer.",1
"Experienced professional with 7 years of experience. Skilled in branding, social media, google ads, analytics. Worked on multiple projects involving branding, analytics. Strong background in digital marketer.","We are looking for a DevOps Engineer with strong skills in docker, kubernetes, aws, linux. The candidate should have experience with monitoring, linux and a background in devops engineer.",0
"Experienced professional with 10 years of experience. Skilled in terraform, linux, networking, docker. Worked on multiple projects involving jenkins, ci/cd. Strong background in devops engineer.","We are looking for a Digital Marketer with strong skills in social media, google ads, branding, analytics. The candidate should have experience with branding, analytics and a background in digital marketer.",0
"Experienced professional with 5 years of experience. Skilled in content strategy, google ads, branding, social media. Worked on multiple projects involving branding, analytics. Strong background in digital marketer.","We are looking for a DevOps Engineer with strong skills in ci/cd, terraform, linux, jenkins. The candidate should have experience with kubernetes, monitoring and a background in devops engineer.",0
"Experienced professional with 2 years of experience. Skilled in copywriting, google ads, content strategy, email marketing. Worked on multiple projects involving branding, email marketing. Strong background in digital marketer.","We are looking for a DevOps Engineer with strong skills in aws, jenkins, linux, docker. The candidate should have experience with linux, ci/cd and a background in devops engineer.",0
"Experienced professional with 2 years of experience. Skilled in deep learning, pandas, machine learning, scikit-learn. Worked on multiple projects involving sql, deep learning. Strong background in data scientist.","We are looking for a Data Scientist with strong skills in sql, deep learning, machine learning, python. The candidate should have experience with numpy, statistics and a background in data scientist.",1
"Experienced professional with 1 years of experience. Skilled in analytics, seo, social media, content strategy. Worked on multiple projects involving google ads, seo. Strong background in digital marketer.","We are looking for a Digital Marketer with strong skills in copywriting, branding, google ads, content strategy. The candidate should have experience with email marketing, analytics and a background in digital marketer.",1
"Experienced professional with 10 years of experience. Skilled in webpack, html, css, react. Worked on multiple projects involving terraform, ci/cd. Strong background in frontend developer.","We are looking for a DevOps Engineer with strong skills in aws, jenkins, monitoring, kubernetes. The candidate should have experience with ci/cd, terraform and a background in devops engineer.",0
"Experienced professional with 8 years of experience. Skilled in social media, analytics, google ads, copywriting. Worked on multiple projects involving email marketing, analytics. Strong background in digital marketer.","We are looking for a Frontend Developer with strong skills in html, webpack, redux, css. The candidate should have experience with redux, react and a background in frontend developer.",0
"Experienced professional with 4 years of experience. Skilled in webpack, redux, react, css. Worked on multiple projects involving linux, deep learning. Strong background in frontend developer.","We are looking for a Frontend Developer with strong skills in typescript, react, redux, ui/ux. The candidate should have experience with webpack, html and a background in frontend developer.",1
"Experienced professional with 9 years of experience. Skilled in deep learning, python, numpy, sql. Worked on multiple projects involving statistics, data visualization. Strong background in data scientist.","We are looking for a Data Scientist with strong skills in statistics, sql, python, deep learning. The candidate should have experience with machine learning, scikit-learn and a background in data scientist.",1
"Experienced professional with 9 years of experience. Skilled in javascript, typescript, css, responsive design. Worked on multiple projects involving react, redux. Strong background in frontend developer.","We are looking for a Frontend Developer with strong skills in redux, responsive design, ui/ux, react. The candidate should have experience with javascript, html and a background in frontend developer.",1
"Experienced professional with 2 years of experience. Skilled in copywriting, google ads, seo, content strategy. Worked on multiple projects involving email marketing, seo. Strong background in digital marketer.","We are looking for a Digital Marketer with strong skills in seo, analytics, email marketing, content strategy. The candidate should have experience with seo, analytics and a background in digital marketer.",1
"Experienced professional with 10 years of experience. Skilled in typescript, ui/ux, responsive design, html. Worked on multiple projects involving webpack, redux. Strong background in frontend developer.","We are looking for a Digital Marketer with strong skills in email marketing, google ads, copywriting, analytics. The candidate should have experience with branding, analytics and a background in digital marketer.",0
"Experienced professional with 1 years of experience. Skilled in javascript, webpack, responsive design, html. Worked on multiple projects involving webpack, react. Strong background in frontend developer.","We are looking for a Data Scientist with strong skills in statistics, machine learning, python, data visualization. The candidate should have experience with statistics, pandas and a background in data scientist.",0
"Experienced professional with 8 years of experience. Skilled in aws, terraform, docker, jenkins. Worked on multiple projects involving kubernetes, aws. Strong background in devops engineer.","We are looking for a DevOps Engineer with strong skills in linux, kubernetes, monitoring, ci/cd. The candidate should have experience with kubernetes, networking and a background in devops engineer.",1
"Experienced professional with 8 years of experience. Skilled in data visualization, python, machine learning, numpy. Worked on multiple projects involving deep learning, statistics. Strong background in data scientist.","We are looking for a Frontend Developer with strong skills in ui/ux, webpack, responsive design, css. The candidate should have experience with css, html and a background in frontend developer.",0
"Experienced professional with 8 years of experience. Skilled in monitoring, networking, jenkins, docker. Worked on multiple projects involving monitoring, aws. Strong background in devops engineer.","We are looking for a Frontend Developer with strong skills in webpack, javascript, ui/ux, react. The candidate should have experience with css, redux and a background in frontend developer.",0
"Experienced professional with 4 years of experience. Skilled in google ads, seo, social media, email marketing. Worked on multiple projects involving copywriting, branding. Strong background in digital marketer.","We are looking for a Digital Marketer with strong skills in google ads, seo, social media, copywriting. The candidate should have experience with analytics, email marketing and a background in digital marketer.",1
"Experienced professional with 2 years of experience. Skilled in kubernetes, terraform, aws, linux. Worked on multiple projects involving aws, kubernetes. Strong background in devops engineer.","We are looking for a Frontend Developer with strong skills in redux, responsive design, javascript, react. The candidate should have experience with responsive design, css and a background in frontend developer.",0
"Experienced professional with 6 years of experience. Skilled in copywriting, social media, analytics, google ads. Worked on multiple projects involving aws, networking. Strong background in digital marketer.","We are looking for a Digital Marketer with strong skills in google ads, branding, social media, content strategy. The candidate should have experience with analytics, content strategy and a background in digital marketer.",1
"Experienced professional with 1 years of experience. Skilled in seo, google ads, email marketing, content strategy. Worked on multiple projects involving analytics, social media. Strong background in digital marketer.","We are looking for a Digital Marketer with strong skills in email marketing, copywriting, seo, social media. The candidate should have experience with branding, email marketing and a background in digital marketer.",1
"Experienced professional with 7 years of experience. Skilled in python, machine learning, data visualization, statistics. Worked on multiple projects involving scikit-learn, machine learning. Strong background in data scientist.","We are looking for a Data Scientist with strong skills in scikit-learn, deep learning, pandas, machine learning. The candidate should have experience with pandas, data visualization and a background in data scientist.",1
"Experienced professional with 1 years of experience. Skilled in typescript, html, redux, ui/ux. Worked on multiple projects involving typescript, ui/ux. Strong background in frontend developer.","We are looking for a Data Scientist with strong skills in pandas, sql, machine learning, statistics. The candidate should have experience with statistics, deep learning and a background in data scientist.",0
"Experienced professional with 5 years of experience. Skilled in data visualization, scikit-learn, numpy, statistics. Worked on multiple projects involving terraform, kubernetes. Strong background in data scientist.","We are looking for a Data Scientist with strong skills in machine learning, numpy, data visualization, scikit-learn. The candidate should have experience with numpy, scikit-learn and a background in data scientist.",1
"Experienced professional with 10 years of experience. Skilled in branding, seo, copywriting, analytics. Worked on multiple projects involving social media, content strategy. Strong background in digital marketer.","We are looking for a DevOps Engineer with strong skills in kubernetes, docker, monitoring, linux. The candidate should have experience with monitoring, aws and a background in devops engineer.",0
"Experienced professional with 3 years of experience. Skilled in content strategy, copywriting, seo, social media. Worked on multiple projects involving branding, email marketing. Strong background in digital marketer.","We are looking for a Digital Marketer with strong skills in analytics, copywriting, content strategy, social media. The candidate should have experience with copywriting, seo and a background in digital marketer.",1
"Experienced professional with 3 years of experience. Skilled in content strategy, copywriting, email marketing, google ads. Worked on multiple projects involving branding, social media. Strong background in digital marketer.","We are looking for a Data Scientist with strong skills in machine learning, pandas, data visualization, python. The candidate should have experience with numpy, sql and a background in data scientist.",0
"Experienced professional with 5 years of experience. Skilled in email marketing, copywriting, branding, content strategy. Worked on multiple projects involving analytics, google ads. Strong background in digital marketer.","We are looking for a Data Scientist with strong skills in scikit-learn, statistics, machine learning, numpy. The candidate should have experience with deep learning, statistics and a background in data scientist.",0
"Experienced professional with 7 years of experience. Skilled in ci/cd, linux, jenkins, docker. Worked on multiple projects involving terraform, networking. Strong background in devops engineer.","We are looking for a DevOps Engineer with strong skills in kubernetes, linux, aws, docker. The candidate should have experience with networking, monitoring and a background in devops engineer.",1
"Experienced professional with 10 years of experience. Skilled in responsive design, react, html, redux. Worked on multiple projects involving numpy, scikit-learn. Strong background in frontend developer.","We are looking for a Frontend Developer with strong skills in css, typescript, react, javascript. The candidate should have experience with html, javascript and a background in frontend developer.",1
"Experienced professional with 9 years of experience. Skilled in jenkins, linux, ci/cd, terraform. Worked on multiple projects involving html, statistics. Strong background in devops engineer.","We are looking for a DevOps Engineer with strong skills in linux, docker, terraform, networking. The candidate should have experience with linux, docker and a background in devops engineer.",1
"Experienced professional with 3 years of experience. Skilled in jenkins, kubernetes, docker, ci/cd. Worked on multiple projects involving terraform, jenkins. Strong background in devops engineer.","We are looking for a DevOps Engineer with strong skills in kubernetes, aws, networking, monitoring. The candidate should have experience with monitoring, linux and a background in devops engineer.",1
"Experienced professional with 3 years of experience. Skilled in analytics, social media, copywriting, google ads. Worked on multiple projects involving seo, content strategy. Strong background in digital marketer.","We are looking for a Digital Marketer with strong skills in copywriting, seo, analytics, google ads. The candidate should have experience with copywriting, google ads and a background in digital marketer.",1
"Experienced professional with 5 years of experience. Skilled in javascript, typescript, react, responsive design. Worked on multiple projects involving javascript, css. Strong background in frontend developer.","We are looking for a Digital Marketer with strong skills in seo, google ads, content strategy, branding. The candidate should have experience with google ads, seo and a background in digital marketer.",0
"Experienced professional with 4 years of experience. Skilled in aws, linux, terraform, ci/cd. Worked on multiple projects involving monitoring, docker. Strong background in devops engineer.","We are looking for a Frontend Developer with strong skills in redux, ui/ux, react, html. The candidate should have experience with redux, javascript and a background in frontend developer.",0
"Experienced professional with 6 years of experience. Skilled in machine learning, data visualization, pandas, statistics. Worked on multiple projects involving sql, scikit-learn. Strong background in data scientist.","We are looking for a Data Scientist with strong skills in deep learning, statistics, python, numpy. The candidate should have experience with python, sql and a background in data scientist.",1
"Experienced professional with 9 years of experience. Skilled in statistics, sql, data visualization, deep learning. Worked on multiple projects involving deep learning, python. Strong background in data scientist.","We are looking for a Data Scientist with strong skills in data visualization, statistics, machine learning, numpy. The candidate should have experience with numpy, statistics and a background in data scientist.",1
"Experienced professional with 3 years of experience. Skilled in monitoring, kubernetes, docker, ci/cd. Worked on multiple projects involving docker, ci/cd. Strong background in devops engineer.","We are looking for a Data Scientist with strong skills in numpy, sql, python, scikit-learn. The candidate should have experience with numpy, scikit-learn and a background in data scientist.",0
"Experienced professional with 2 years of experience. Skilled in google ads, seo, branding, content strategy. Worked on multiple projects involving analytics, email marketing. Strong background in digital marketer.","We are looking for a Digital Marketer with strong skills in branding, copywriting, google ads, email marketing. The candidate should have experience with social media, seo and a background in digital marketer.",1
"Experienced professional with 7 years of experience. Skilled in ui/ux, react, responsive design, webpack. Worked on multiple projects involving javascript, responsive design. Strong background in frontend developer.","We are looking for a Digital Marketer with strong skills in analytics, seo, branding, email marketing. The candidate should have experience with content strategy, social media and a background in digital marketer.",0
"Experienced professional with 10 years of experience. Skilled in aws, docker, networking, ci/cd. Worked on multiple projects involving jenkins, docker. Strong background in devops engineer.","We are looking for a Digital Marketer with strong skills in social media, analytics, branding, seo. The candidate should have experience with copywriting, analytics and a background in digital marketer.",0
"Experienced professional with 4 years of experience. Skilled in branding, social media, content strategy, google ads. Worked on multiple projects involving content strategy, social media. Strong background in digital marketer.","We are looking for a Digital Marketer with strong skills in google ads, copywriting, analytics, social media. The candidate should have experience with branding, social media and a background in digital marketer.",1
"Experienced professional with 4 years of experience. Skilled in jenkins, linux, docker, kubernetes. Worked on multiple projects involving kubernetes, jenkins. Strong background in devops engineer.","We are looking for a Frontend Developer with strong skills in typescript, css, html, javascript. The candidate should have experience with css, react and a background in frontend developer.",0
"Experienced professional with 3 years of experience. Skilled in content strategy, branding, copywriting, social media. Worked on multiple projects involving analytics, branding. Strong background in digital marketer.","We are looking for a Data Scientist with strong skills in statistics, machine learning, sql, scikit-learn. The candidate should have experience with sql, deep learning and a background in data scientist.",0
"Experienced professional with 6 years of experience. Skilled in deep learning, machine learning, sql, numpy. Worked on multiple projects involving content strategy, analytics. Strong background in data scientist.","We are looking for a Digital Marketer with strong skills in seo, analytics, copywriting, social media. The candidate should have experience with content strategy, seo and a background in digital marketer.",0
"Experienced professional with 6 years of experience. Skilled in redux, responsive design, typescript, css. Worked on multiple projects involving responsive design, redux. Strong background in frontend developer.","We are looking for a Frontend Developer with strong skills in redux, responsive design, typescript, css. The candidate should have experience with react, javascript and a background in frontend developer.",1
"Experienced professional with 7 years of experience. Skilled in react, css, typescript, ui/ux. Worked on multiple projects involving typescript, redux. Strong background in frontend developer.","We are looking for a DevOps Engineer with strong skills in networking, linux, terraform, kubernetes. The candidate should have experience with kubernetes, networking and a background in devops engineer.",0
"Experienced professional with 5 years of experience. Skilled in terraform, networking, docker, linux. Worked on multiple projects involving aws, docker. Strong background in devops engineer.","We are looking for a DevOps Engineer with strong skills in linux, jenkins, aws, monitoring. The candidate should have experience with terraform, aws and a background in devops engineer.",1
"Experienced professional with 7 years of experience. Skilled in ui/ux, javascript, webpack, responsive design. Worked on multiple projects involving typescript, redux. Strong background in frontend developer.","We are looking for a Data Scientist with strong skills in statistics, python, data visualization, pandas. The candidate should have experience with data visualization, deep learning and a background in data scientist.",0
"Experienced professional with 7 years of experience. Skilled in machine learning, sql, scikit-learn, numpy. Worked on multiple projects involving machine learning, deep learning. Strong background in data scientist.","We are looking for a Frontend Developer with strong skills in responsive design, webpack, redux, typescript. The candidate should have experience with css, ui/ux and a background in frontend developer.",0
"Experienced professional with 2 years of experience. Skilled in aws, linux, terraform, kubernetes. Worked on multiple projects involving docker, aws. Strong background in devops engineer.","We are looking for a DevOps Engineer with strong skills in aws, linux, docker, jenkins. The candidate should have experience with terraform, aws and a background in devops engineer.",1
"Experienced professional with 8 years of experience. Skilled in content strategy, seo, email marketing, analytics. Worked on multiple projects involving typescript, responsive design. Strong background in digital marketer.","We are looking for a Frontend Developer with strong skills in responsive design, redux, html, webpack. The candidate should have experience with css, react and a background in frontend developer.",0
"Experienced professional with 1 years of experience. Skilled in google ads, copywriting, email marketing, analytics. Worked on multiple projects involving google ads, seo. Strong background in digital marketer.","We are looking for a DevOps Engineer with strong skills in ci/cd, kubernetes, aws, terraform. The candidate should have experience with ci/cd, linux and a background in devops engineer.",0
"Experienced professional with 6 years of experience. Skilled in copywriting, google ads, email marketing, seo. Worked on multiple projects involving branding, social media. Strong background in digital marketer.","We are looking for a DevOps Engineer with strong skills in networking, terraform, docker, ci/cd. The candidate should have experience with jenkins, monitoring and a background in devops engineer.",0
"Experienced professional with 1 years of experience. Skilled in jenkins, aws, networking, linux. Worked on multiple projects involving kubernetes, ci/cd. Strong background in devops engineer.","We are looking for a Data Scientist with strong skills in sql, numpy, statistics, python. The candidate should have experience with data visualization, pandas and a background in data scientist.",0
"Experienced professional with 7 years of experience. Skilled in statistics, machine learning, numpy, python. Worked on multiple projects involving responsive design, analytics. Strong background in data scientist.","We are looking for a Data Scientist with strong skills in deep learning, sql, scikit-learn, machine learning. The candidate should have experience with sql, data visualization and a background in data scientist.",1
"Experienced professional with 8 years of experience. Skilled in pandas, deep learning, scikit-learn, python. Worked on multiple projects involving email marketing, analytics. Strong background in data scientist.","We are looking for a Digital Marketer with strong skills in seo, social media, email marketing, content strategy. The candidate should have experience with analytics, social media and a background in digital marketer.",0
"Experienced professional with 3 years of experience. Skilled in deep learning, python, scikit-learn, pandas. Worked on multiple projects involving pandas, scikit-learn. Strong background in data scientist.","We are looking for a Data Scientist with strong skills in deep learning, scikit-learn, sql, python. The candidate should have experience with machine learning, deep learning and a background in data scientist.",1
"Experienced professional with 1 years of experience. Skilled in jenkins, monitoring, networking, kubernetes. Worked on multiple projects involving monitoring, terraform. Strong background in devops engineer.","We are looking for a DevOps Engineer with strong skills in terraform, aws, jenkins, linux. The candidate should have experience with aws, ci/cd and a background in devops engineer.",1
"Experienced professional with 8 years of experience. Skilled in deep learning, numpy, scikit-learn, python. Worked on multiple projects involving data visualization, statistics. Strong background in data scientist.","We are looking for a Data Scientist with strong skills in numpy, pandas, scikit-learn, statistics. The candidate should have experience with deep learning, data visualization and a background in data scientist.",1
"Experienced professional with 4 years of experience. Skilled in typescript, responsive design, javascript, webpack. Worked on multiple projects involving ui/ux, responsive design. Strong background in frontend developer.","We are looking for a Data Scientist with strong skills in statistics, deep learning, machine learning, scikit-learn. The candidate should have experience with data visualization, deep learning and a background in data scientist.",0
"Experienced professional with 5 years of experience. Skilled in redux, responsive design, react, webpack. Worked on multiple projects involving html, react. Strong background in frontend developer.","We are looking for a Data Scientist with strong skills in scikit-learn, statistics, python, pandas. The candidate should have experience with sql, pandas and a background in data scientist.",0
"Experienced professional with 1 years of experience. Skilled in typescript, react, javascript, css. Worked on multiple projects involving ui/ux, redux. Strong background in frontend developer.","We are looking for a Digital Marketer with strong skills in branding, copywriting, seo, social media. The candidate should have experience with google ads, copywriting and a background in digital marketer.",0
"Experienced professional with 1 years of experience. Skilled in data visualization, machine learning, statistics, numpy. Worked on multiple projects involving machine learning, python. Strong background in data scientist.","We are looking for a DevOps Engineer with strong skills in monitoring, ci/cd, aws, docker. The candidate should have experience with linux, ci/cd and a background in devops engineer.",0
"Experienced professional with 1 years of experience. Skilled in javascript, html, css, webpack. Worked on multiple projects involving terraform, linux. Strong background in frontend developer.","We are looking for a Frontend Developer with strong skills in responsive design, ui/ux, react, typescript. The candidate should have experience with webpack, redux and a background in frontend developer.",1
"Experienced professional with 10 years of experience. Skilled in redux, webpack, react, html. Worked on multiple projects involving react, redux. Strong background in frontend developer.","We are looking for a Digital Marketer with strong skills in email marketing, copywriting, branding, analytics. The candidate should have experience with branding, google ads and a background in digital marketer.",0
"Experienced professional with 9 years of experience. Skilled in email marketing, google ads, social media, copywriting. Worked on multiple projects involving content strategy, analytics. Strong background in digital marketer.","We are looking for a Data Scientist with strong skills in machine learning, pandas, data visualization, statistics. The candidate should have experience with machine learning, data visualization and a background in data scientist.",0
"Experienced professional with 6 years of experience. Skilled in branding, google ads, seo, content strategy. Worked on multiple projects involving branding, copywriting. Strong background in digital marketer.","We are looking for a Data Scientist with strong skills in pandas, machine learning, sql, statistics. The candidate should have experience with statistics, python and a background in data scientist.",0
"Experienced professional with 2 years of experience. Skilled in deep learning, data visualization, machine learning, numpy. Worked on multiple projects involving data visualization, numpy. Strong background in data scientist.","We are looking for a Data Scientist with strong skills in scikit-learn, statistics, deep learning, python. The candidate should have experience with numpy, deep learning and a background in data scientist.",1
"Experienced professional with 6 years of experience. Skilled in linux, monitoring, networking, kubernetes. Worked on multiple projects involving docker, terraform. Strong background in devops engineer.","We are looking for a DevOps Engineer with strong skills in networking, docker, jenkins, aws. The candidate should have experience with aws, docker and a background in devops engineer.",1
"Experienced professional with 1 years of experience. Skilled in analytics, branding, copywriting, google ads. Worked on multiple projects involving branding, analytics. Strong background in digital marketer.","We are looking for a Data Scientist with strong skills in numpy, pandas, sql, machine learning. The candidate should have experience with statistics, scikit-learn and a background in data scientist.",0
"Experienced professional with 8 years of experience. Skilled in typescript, javascript, webpack, react. Worked on multiple projects involving react, css. Strong background in frontend developer.","We are looking for a Frontend Developer with strong skills in typescript, css, ui/ux, webpack. The candidate should have experience with ui/ux, css and a background in frontend developer.",1
"Experienced professional with 6 years of experience. Skilled in content strategy, copywriting, google ads, email marketing. Worked on multiple projects involving analytics, social media. Strong background in digital marketer.","We are looking for a Digital Marketer with strong skills in analytics, email marketing, seo, branding. The candidate should have experience with analytics, seo and a background in digital marketer.",1
"Experienced professional with 7 years of experience. Skilled in responsive design, html, webpack, ui/ux. Worked on multiple projects involving webpack, css. Strong background in frontend developer.","We are looking for a DevOps Engineer with strong skills in ci/cd, linux, terraform, monitoring. The candidate should have experience with monitoring, kubernetes and a background in devops engineer.",0
"Experienced professional with 10 years of experience. Skilled in scikit-learn, sql, statistics, python. Worked on multiple projects involving pandas, python. Strong background in data scientist.","We are looking for a Digital Marketer with strong skills in analytics, email marketing, google ads, content strategy. The candidate should have experience with analytics, social media and a background in digital marketer.",0
"Experienced professional with 7 years of experience. Skilled in content strategy, branding, google ads, analytics. Worked on multiple projects involving branding, analytics. Strong background in digital marketer.","We are looking for a Data Scientist with strong skills in machine learning, python, data visualization, numpy. The candidate should have experience with python, sql and a background in data scientist.",0
"Experienced professional with 6 years of experience. Skilled in ci/cd, jenkins, linux, terraform. Worked on multiple projects involving jenkins, ci/cd. Strong background in devops engineer.","We are looking for a Digital Marketer with strong skills in seo, analytics, google ads, branding. The candidate should have experience with google ads, seo and a background in digital marketer.",0
"Experienced professional with 1 years of experience. Skilled in linux, kubernetes, networking, terraform. Worked on multiple projects involving linux, ci/cd. Strong background in devops engineer.","We are looking for a DevOps Engineer with strong skills in ci/cd, kubernetes, jenkins, monitoring. The candidate should have experience with jenkins, linux and a background in devops engineer.",1
"Experienced professional with 4 years of experience. Skilled in networking, kubernetes, linux, ci/cd. Worked on multiple projects involving terraform, networking. Strong background in devops engineer.","We are looking for a DevOps Engineer with strong skills in docker, networking, jenkins, monitoring. The candidate should have experience with docker, jenkins and a background in devops engineer.",1
"Experienced professional with 8 years of experience. Skilled in python, deep learning, numpy, scikit-learn. Worked on multiple projects involving machine learning, data visualization. Strong background in data scientist.","We are looking for a Data Scientist with strong skills in numpy, python, statistics, scikit-learn. The candidate should have experience with deep learning, sql and a background in data scientist.",1
"Experienced professional with 6 years of experience. Skilled in css, react, responsive design, javascript. Worked on multiple projects involving responsive design, react. Strong background in frontend developer.","We are looking for a Data Scientist with strong skills in sql, deep learning, statistics, numpy. The candidate should have experience with numpy, sql and a background in data scientist.",0
"Experienced professional with 6 years of experience. Skilled in linux, docker, networking, aws. Worked on multiple projects involving kubernetes, jenkins. Strong background in devops engineer.","We are looking for a Frontend Developer with strong skills in react, webpack, redux, ui/ux. The candidate should have experience with css, redux and a background in frontend developer.",0
"Experienced professional with 7 years of experience. Skilled in deep learning, data visualization, scikit-learn, sql. Worked on multiple projects involving sql, statistics. Strong background in data scientist.","We are looking for a Frontend Developer with strong skills in redux, css, html, ui/ux. The candidate should have experience with react, webpack and a background in frontend developer.",0
"Experienced professional with 3 years of experience. Skilled in typescript, react, html, css. Worked on multiple projects involving javascript, responsive design. Strong background in frontend developer.","We are looking for a Frontend Developer with strong skills in react, javascript, redux, responsive design. The candidate should have experience with redux, react and a background in frontend developer.",1
"Experienced professional with 2 years of experience. Skilled in html, javascript, webpack, ui/ux. Worked on multiple projects involving redux, webpack. Strong background in frontend developer.","We are looking for a Frontend Developer with strong skills in css, responsive design, html, webpack. The candidate should have experience with responsive design, javascript and a background in frontend developer.",1
"Experienced professional with 7 years of experience. Skilled in analytics, google ads, branding, seo. Worked on multiple projects involving analytics, content strategy. Strong background in digital marketer.","We are looking for a Digital Marketer with strong skills in analytics, copywriting, google ads, social media. The candidate should have experience with google ads, analytics and a background in digital marketer.",1
"Experienced professional with 10 years of experience. Skilled in email marketing, content strategy, copywriting, seo. Worked on multiple projects involving google ads, email marketing. Strong background in digital marketer.","We are looking for a Data Scientist with strong skills in pandas, scikit-learn, statistics, numpy. The candidate should have experience with data visualization, numpy and a background in data scientist.",0
"Experienced professional with 10 years of experience. Skilled in google ads, email marketing, branding, analytics. Worked on multiple projects involving social media, branding. Strong background in digital marketer.","We are looking for a Digital Marketer with strong skills in analytics, email marketing, content strategy, google ads. The candidate should have experience with social media, seo and a background in digital marketer.",1
"Experienced professional with 8 years of experience. Skilled in responsive design, redux, react, webpack. Worked on multiple projects involving ui/ux, css. Strong background in frontend developer.","We are looking for a DevOps Engineer with strong skills in kubernetes, jenkins, networking, docker. The candidate should have experience with docker, terraform and a background in devops engineer.",0
"Experienced professional with 5 years of experience. Skilled in email marketing, social media, google ads, analytics. Worked on multiple projects involving social media, copywriting. Strong background in digital marketer.","We are looking for a Digital Marketer with strong skills in google ads, seo, social media, copywriting. The candidate should have experience with content strategy, analytics and a background in digital marketer.",1
"Experienced professional with 3 years of experience. Skilled in docker, linux, networking, ci/cd. Worked on multiple projects involving kubernetes, monitoring. Strong background in devops engineer.","We are looking for a Digital Marketer with strong skills in email marketing, branding, copywriting, seo. The candidate should have experience with analytics, copywriting and a background in digital marketer.",0
"Experienced professional with 1 years of experience. Skilled in css, responsive design, html, redux. Worked on multiple projects involving webpack, react. Strong background in frontend developer.","We are looking for a Frontend Developer with strong skills in typescript, ui/ux, css, webpack. The candidate should have experience with redux, responsive design and a background in frontend developer.",1
"Experienced professional with 9 years of experience. Skilled in sql, numpy, machine learning, statistics. Worked on multiple projects involving data visualization, machine learning. Strong background in data scientist.","We are looking for a DevOps Engineer with strong skills in monitoring, docker, networking, linux. The candidate should have experience with networking, aws and a background in devops engineer.",0
"Experienced professional with 4 years of experience. Skilled in monitoring, ci/cd, kubernetes, docker. Worked on multiple projects involving scikit-learn, deep learning. Strong background in devops engineer.","We are looking for a Data Scientist with strong skills in deep learning, machine learning, pandas, data visualization. The candidate should have experience with data visualization, machine learning and a background in data scientist.",0
"Experienced professional with 4 years of experience. Skilled in react, typescript, webpack, responsive design. Worked on multiple projects involving react, typescript. Strong background in frontend developer.","We are looking for a DevOps Engineer with strong skills in docker, aws, ci/cd, kubernetes. The candidate should have experience with terraform, kubernetes and a background in devops engineer.",0
"Experienced professional with 6 years of experience. Skilled in sql, python, pandas, scikit-learn. Worked on multiple projects involving deep learning, numpy. Strong background in data scientist.","We are looking for a Digital Marketer with strong skills in seo, social media, analytics, copywriting. The candidate should have experience with seo, content strategy and a background in digital marketer.",0
"Experienced professional with 1 years of experience. Skilled in scikit-learn, numpy, machine learning, python. Worked on multiple projects involving statistics, python. Strong background in data scientist.","We are looking for a Digital Marketer with strong skills in seo, google ads, copywriting, email marketing. The candidate should have experience with content strategy, seo and a background in digital marketer.",0
"Experienced professional with 3 years of experience. Skilled in monitoring, jenkins, networking, ci/cd. Worked on multiple projects involving jenkins, networking. Strong background in devops engineer.","We are looking for a DevOps Engineer with strong skills in linux, networking, aws, ci/cd. The candidate should have experience with networking, kubernetes and a background in devops engineer.",1
"Experienced professional with 10 years of experience. Skilled in javascript, redux, ui/ux, css. Worked on multiple projects involving analytics, content strategy. Strong background in frontend developer.","We are looking for a Frontend Developer with strong skills in typescript, css, javascript, webpack. The candidate should have experience with webpack, responsive design and a background in frontend developer.",1
"Experienced professional with 3 years of experience. Skilled in branding, email marketing, content strategy, analytics. Worked on multiple projects involving email marketing, google ads. Strong background in digital marketer.","We are looking for a Digital Marketer with strong skills in seo, google ads, analytics, copywriting. The candidate should have experience with google ads, seo and a background in digital marketer.",1
"Experienced professional with 5 years of experience. Skilled in jenkins, ci/cd, monitoring, kubernetes. Worked on multiple projects involving statistics, scikit-learn. Strong background in devops engineer.","We are looking for a DevOps Engineer with strong skills in kubernetes, ci/cd, terraform, docker. The candidate should have experience with linux, networking and a background in devops engineer.",1
"Experienced professional with 1 years of experience. Skilled in analytics, google ads, copywriting, seo. Worked on multiple projects involving google ads, branding. Strong background in digital marketer.","We are looking for a Digital Marketer with strong skills in content strategy, google ads, seo, branding. The candidate should have experience with branding, seo and a background in digital marketer.",1
"Experienced professional with 7 years of experience. Skilled in typescript, ui/ux, redux, react. Worked on multiple projects involving google ads, content strategy. Strong background in frontend developer.","We are looking for a Digital Marketer with strong skills in copywriting, google ads, seo, branding. The candidate should have experience with seo, branding and a background in digital marketer.",0
"Experienced professional with 2 years of experience. Skilled in python, statistics, machine learning, numpy. Worked on multiple projects involving numpy, statistics. Strong background in data scientist.","We are looking for a Data Scientist with strong skills in pandas, scikit-learn, statistics, python. The candidate should have experience with data visualization, scikit-learn and a background in data scientist.",1
"Experienced professional with 6 years of experience. Skilled in copywriting, content strategy, social media, email marketing. Worked on multiple projects involving branding, copywriting. Strong background in digital marketer.","We are looking for a DevOps Engineer with strong skills in kubernetes, linux, terraform, networking. The candidate should have experience with monitoring, networking and a background in devops engineer.",0
"Experienced professional with 8 years of experience. Skilled in redux, typescript, css, html. Worked on multiple projects involving responsive design, javascript. Strong background in frontend developer.","We are looking for a DevOps Engineer with strong skills in ci/cd, monitoring, linux, jenkins. The candidate should have experience with monitoring, linux and a background in devops engineer.",0
"Experienced professional with 6 years of experience. Skilled in google ads, copywriting, analytics, content strategy. Worked on multiple projects involving content strategy, google ads. Strong background in digital marketer.","We are looking for a Frontend Developer with strong skills in css, html, javascript, redux. The candidate should have experience with webpack, responsive design and a background in frontend developer.",0
"Experienced professional with 5 years of experience. Skilled in pandas, python, deep learning, machine learning. Worked on multiple projects involving python, pandas. Strong background in data scientist.","We are looking for a Data Scientist with strong skills in pandas, deep learning, sql, data visualization. The candidate should have experience with pandas, machine learning and a background in data scientist.",1
"Experienced professional with 5 years of experience. Skilled in jenkins, networking, docker, aws. Worked on multiple projects involving networking, terraform. Strong background in devops engineer.","We are looking for a Digital Marketer with strong skills in branding, seo, google ads, analytics. The candidate should have experience with google ads, content strategy and a background in digital marketer.",0
"Experienced professional with 10 years of experience. Skilled in kubernetes, networking, docker, terraform. Worked on multiple projects involving analytics, branding. Strong background in devops engineer.","We are looking for a DevOps Engineer with strong skills in docker, networking, terraform, monitoring. The candidate should have experience with docker, ci/cd and a background in devops engineer.",1
"Experienced professional with 2 years of experience. Skilled in monitoring, terraform, jenkins, networking. Worked on multiple projects involving monitoring, linux. Strong background in devops engineer.","We are looking for a DevOps Engineer with strong skills in aws, monitoring, networking, kubernetes. The candidate should have experience with docker, linux and a background in devops engineer.",1
"Experienced professional with 5 years of experience. Skilled in css, javascript, react, responsive design. Worked on multiple projects involving redux, css. Strong background in frontend developer.","We are looking for a Frontend Developer with strong skills in ui/ux, webpack, react, typescript. The candidate should have experience with javascript, html and a background in frontend developer.",1
"Experienced professional with 4 years of experience. Skilled in webpack, responsive design, html, redux. Worked on multiple projects involving seo, email marketing. Strong background in frontend developer.","We are looking for a Digital Marketer with strong skills in content strategy, analytics, copywriting, social media. The candidate should have experience with email marketing, content strategy and a background in digital marketer.",0
"Experienced professional with 6 years of experience. Skilled in branding, social media, seo, copywriting. Worked on multiple projects involving copywriting, content strategy. Strong background in digital marketer.","We are looking for a Data Scientist with strong skills in data visualization, python, machine learning, deep learning. The candidate should have experience with numpy, statistics and a background in data scientist.",0
"Experienced professional with 4 years of experience. Skilled in sql, pandas, statistics, scikit-learn. Worked on multiple projects involving numpy, data visualization. Strong background in data scientist.","We are looking for a Frontend Developer with strong skills in ui/ux, html, css, responsive design. The candidate should have experience with redux, css and a background in frontend developer.",0
"Experienced professional with 7 years of experience. Skilled in linux, aws, docker, kubernetes. Worked on multiple projects involving linux, monitoring. Strong background in devops engineer.","We are looking for a DevOps Engineer with strong skills in terraform, networking, linux, jenkins. The candidate should have experience with linux, kubernetes and a background in devops engineer.",1
"Experienced professional with 8 years of experience. Skilled in react, responsive design, webpack, javascript. Worked on multiple projects involving webpack, responsive design. Strong background in frontend developer.","We are looking for a Frontend Developer with strong skills in responsive design, css, javascript, webpack. The candidate should have experience with css, html and a background in frontend developer.",1
"Experienced professional with 5 years of experience. Skilled in pandas, numpy, statistics, machine learning. Worked on multiple projects involving numpy, pandas. Strong background in data scientist.","We are looking for a Frontend Developer with strong skills in html, webpack, ui/ux, typescript. The candidate should have experience with redux, responsive design and a background in frontend developer.",0
"Experienced professional with 4 years of experience. Skilled in webpack, javascript, react, typescript. Worked on multiple projects involving css, ui/ux. Strong background in frontend developer.","We are looking for a Frontend Developer with strong skills in html, typescript, redux, webpack. The candidate should have experience with react, typescript and a background in frontend developer.",1
"Experienced professional with 1 years of experience. Skilled in monitoring, terraform, aws, ci/cd. Worked on multiple projects involving terraform, docker. Strong background in devops engineer.","We are looking for a Frontend Developer with strong skills in ui/ux, typescript, html, css. The candidate should have experience with ui/ux, css and a background in frontend developer.",0
"Experienced professional with 5 years of experience. Skilled in responsive design, html, redux, react. Worked on multiple projects involving javascript, css. Strong background in frontend developer.","We are looking for a Frontend Developer with strong skills in css, typescript, redux, ui/ux. The candidate should have experience with ui/ux, javascript and a background in frontend developer.",1
"Experienced professional with 3 years of experience. Skilled in analytics, seo, social media, content strategy. Worked on multiple projects involving copywriting, email marketing. Strong background in digital marketer.","We are looking for a Frontend Developer with strong skills in react, javascript, webpack, typescript. The candidate should have experience with javascript, webpack and a background in frontend developer.",0
"Experienced professional with 4 years of experience. Skilled in copywriting, seo, google ads, email marketing. Worked on multiple projects involving jenkins, terraform. Strong background in digital marketer.","We are looking for a DevOps Engineer with strong skills in monitoring, terraform, docker, kubernetes. The candidate should have experience with kubernetes, aws and a background in devops engineer.",0
"Experienced professional with 3 years of experience. Skilled in google ads, content strategy, branding, email marketing. Worked on multiple projects involving content strategy, email marketing. Strong background in digital marketer.","We are looking for a Data Scientist with strong skills in pandas, data visualization, python, machine learning. The candidate should have experience with scikit-learn, machine learning and a background in data scientist.",0
"Experienced professional with 3 years of experience. Skilled in redux, typescript, responsive design, webpack. Worked on multiple projects involving react, javascript. Strong background in frontend developer.","We are looking for a Frontend Developer with strong skills in react, ui/ux, webpack, redux. The candidate should have experience with css, javascript and a background in frontend developer.",1
"Experienced professional with 1 years of experience. Skilled in sql, data visualization, machine learning, deep learning. Worked on multiple projects involving numpy, pandas. Strong background in data scientist.","We are looking for a Frontend Developer with strong skills in ui/ux, javascript, webpack, css. The candidate should have experience with redux, ui/ux and a background in frontend developer.",0
"Experienced professional with 8 years of experience. Skilled in linux, networking, ci/cd, terraform. Worked on multiple projects involving networking, monitoring. Strong background in devops engineer.","We are looking for a DevOps Engineer with strong skills in kubernetes, docker, jenkins, networking. The candidate should have experience with networking, linux and a background in devops engineer.",1
"Experienced professional with 1 years of experience. Skilled in social media, google ads, email marketing, copywriting. Worked on multiple projects involving google ads, email marketing. Strong background in digital marketer.","We are looking for a DevOps Engineer with strong skills in ci/cd, monitoring, aws, jenkins. The candidate should have experience with linux, docker and a background in devops engineer.",0
"Experienced professional with 6 years of experience. Skilled in javascript, typescript, css, webpack. Worked on multiple projects involving ui/ux, typescript. Strong background in frontend developer.","We are looking for a DevOps Engineer with strong skills in aws, jenkins, docker, ci/cd. The candidate should have experience with docker, aws and a background in devops engineer.",0
"Experienced professional with 7 years of experience. Skilled in email marketing, content strategy, analytics, seo. Worked on multiple projects involving google ads, analytics. Strong background in digital marketer.","We are looking for a Digital Marketer with strong skills in content strategy, seo, google ads, email marketing. The candidate should have experience with branding, social media and a background in digital marketer.",1
"Experienced professional with 2 years of experience. Skilled in linux, networking, jenkins, monitoring. Worked on multiple projects involving linux, jenkins. Strong background in devops engineer.","We are looking for a DevOps Engineer with strong skills in linux, terraform, aws, docker. The candidate should have experience with docker, networking and a background in devops engineer.",1
"Experienced professional with 1 years of experience. Skilled in numpy, machine learning, sql, python. Worked on multiple projects involving deep learning, python. Strong background in data scientist.","We are looking for a Digital Marketer with strong skills in email marketing, content strategy, google ads, branding. The candidate should have experience with branding, seo and a background in digital marketer.",0
"Experienced professional with 9 years of experience. Skilled in sql, machine learning, data visualization, python. Worked on multiple projects involving scikit-learn, numpy. Strong background in data scientist.","We are looking for a Data Scientist with strong skills in scikit-learn, data visualization, python, sql. The candidate should have experience with python, pandas and a background in data scientist.",1
"Experienced professional with 2 years of experience. Skilled in email marketing, content strategy, copywriting, social media. Worked on multiple projects involving seo, branding. Strong background in digital marketer.","We are looking for a DevOps Engineer with strong skills in terraform, ci/cd, jenkins, aws. The candidate should have experience with jenkins, kubernetes and a background in devops engineer.",0
"Experienced professional with 3 years of experience. Skilled in redux, typescript, webpack, javascript. Worked on multiple projects involving ui/ux, typescript. Strong background in frontend developer.","We are looking for a Data Scientist with strong skills in machine learning, pandas, data visualization, deep learning. The candidate should have experience with pandas, statistics and a background in data scientist.",0
"Experienced professional with 5 years of experience. Skilled in branding, google ads, analytics, seo. Worked on multiple projects involving email marketing, analytics. Strong background in digital marketer.","We are looking for a DevOps Engineer with strong skills in linux, jenkins, terraform, docker. The candidate should have experience with monitoring, docker and a background in devops engineer.",0
"Experienced professional with 9 years of experience. Skilled in docker, linux, jenkins, monitoring. Worked on multiple projects involving numpy, scikit-learn. Strong background in devops engineer.","We are looking for a DevOps Engineer with strong skills in terraform, monitoring, networking, ci/cd. The candidate should have experience with docker, networking and a background in devops engineer.",1
"Experienced professional with 4 years of experience. Skilled in sql, statistics, machine learning, python. Worked on multiple projects involving sql, numpy. Strong background in data scientist.","We are looking for a DevOps Engineer with strong skills in monitoring, linux, kubernetes, ci/cd. The candidate should have experience with docker, ci/cd and a background in devops engineer.",0
"Experienced professional with 5 years of experience. Skilled in email marketing, social media, google ads, analytics. Worked on multiple projects involving seo, google ads. Strong background in digital marketer.","We are looking for a Digital Marketer with strong skills in social media, branding, seo, email marketing. The candidate should have experience with google ads, social media and a background in digital marketer.",1
"Experienced professional with 6 years of experience. Skilled in analytics, copywriting, seo, social media. Worked on multiple projects involving copywriting, seo. Strong background in digital marketer.","We are looking for a DevOps Engineer with strong skills in docker, networking, kubernetes, jenkins. The candidate should have experience with linux, jenkins and a background in devops engineer.",0
"Experienced professional with 2 years of experience. Skilled in machine learning, scikit-learn, python, numpy. Worked on multiple projects involving numpy, scikit-learn. Strong background in data scientist.","We are looking for a DevOps Engineer with strong skills in ci/cd, docker, jenkins, linux. The candidate should have experience with terraform, linux and a background in devops engineer.",0
"Experienced professional with 3 years of experience. Skilled in statistics, scikit-learn, deep learning, machine learning. Worked on multiple projects involving numpy, sql. Strong background in data scientist.","We are looking for a DevOps Engineer with strong skills in aws, networking, jenkins, kubernetes. The candidate should have experience with ci/cd, jenkins and a background in devops engineer.",0
"Experienced professional with 7 years of experience. Skilled in typescript, html, react, redux. Worked on multiple projects involving social media, seo. Strong background in frontend developer.","We are looking for a Frontend Developer with strong skills in html, redux, react, responsive design. The candidate should have experience with html, webpack and a background in frontend developer.",1
"Experienced professional with 6 years of experience. Skilled in data visualization, machine learning, statistics, deep learning. Worked on multiple projects involving python, deep learning. Strong background in data scientist.","We are looking for a Data Scientist with strong skills in statistics, deep learning, python, numpy. The candidate should have experience with sql, numpy and a background in data scientist.",1
"Experienced professional with 5 years of experience. Skilled in numpy, deep learning, scikit-learn, machine learning. Worked on multiple projects involving pandas, python. Strong background in data scientist.","We are looking for a Data Scientist with strong skills in numpy, pandas, scikit-learn, sql. The candidate should have experience with numpy, machine learning and a background in data scientist.",1
"Experienced professional with 6 years of experience. Skilled in google ads, copywriting, content strategy, seo. Worked on multiple projects involving typescript, linux. Strong background in digital marketer.","We are looking for a Digital Marketer with strong skills in email marketing, copywriting, analytics, seo. The candidate should have experience with email marketing, branding and a background in digital marketer.",1
"Experienced professional with 1 years of experience. Skilled in pandas, scikit-learn, machine learning, sql. Worked on multiple projects involving sql, statistics. Strong background in data scientist.","We are looking for a Frontend Developer with strong skills in html, typescript, webpack, javascript. The candidate should have experience with redux, webpack and a background in frontend developer.",0
"Experienced professional with 9 years of experience. Skilled in html, responsive design, redux, css. Worked on multiple projects involving html, redux. Strong background in frontend developer.","We are looking for a Digital Marketer with strong skills in seo, email marketing, branding, social media. The candidate should have experience with copywriting, seo and a background in digital marketer.",0
"Experienced professional with 8 years of experience. Skilled in ui/ux, css, typescript, responsive design. Worked on multiple projects involving typescript, redux. Strong background in frontend developer.","We are looking for a Digital Marketer with strong skills in content strategy, branding, social media, analytics. The candidate should have experience with copywriting, email marketing and a background in digital marketer.",0
"Experienced professional with 1 years of experience. Skilled in social media, analytics, content strategy, email marketing. Worked on multiple projects involving google ads, email marketing. Strong background in digital marketer.","We are looking for a Digital Marketer with strong skills in social media, analytics, content strategy, copywriting. The candidate should have experience with google ads, analytics and a background in digital marketer.",1
"Experienced professional with 7 years of experience. Skilled in numpy, scikit-learn, deep learning, data visualization. Worked on multiple projects involving python, machine learning. Strong background in data scientist.","We are looking for a Data Scientist with strong skills in python, deep learning, machine learning, numpy. The candidate should have experience with machine learning, data visualization and a background in data scientist.",1
"Experienced professional with 8 years of experience. Skilled in seo, copywriting, content strategy, branding. Worked on multiple projects involving content strategy, copywriting. Strong background in digital marketer.","We are looking for a DevOps Engineer with strong skills in monitoring, jenkins, aws, linux. The candidate should have experience with jenkins, ci/cd and a background in devops engineer.",0
"Experienced professional with 6 years of experience. Skilled in kubernetes, terraform, aws, monitoring. Worked on multiple projects involving docker, kubernetes. Strong background in devops engineer.","We are looking for a Frontend Developer with strong skills in ui/ux, css, javascript, redux. The candidate should have experience with css, typescript and a background in frontend developer.",0
"Experienced professional with 10 years of experience. Skilled in react, redux, javascript, webpack. Worked on multiple projects involving javascript, html. Strong background in frontend developer.","We are looking for a Frontend Developer with strong skills in typescript, react, javascript, webpack. The candidate should have experience with css, responsive design and a background in frontend developer.",1
"Experienced professional with 9 years of experience. Skilled in terraform, docker, linux, monitoring. Worked on multiple projects involving kubernetes, ci/cd. Strong background in devops engineer.","We are looking for a Frontend Developer with strong skills in javascript, redux, typescript, responsive design. The candidate should have experience with webpack, redux and a background in frontend developer.",0
"Experienced professional with 3 years of experience. Skilled in numpy, scikit-learn, deep learning, pandas. Worked on multiple projects involving data visualization, pandas. Strong background in data scientist.","We are looking for a Digital Marketer with strong skills in copywriting, branding, seo, analytics. The candidate should have experience with google ads, analytics and a background in digital marketer.",0
"Experienced professional with 2 years of experience. Skilled in responsive design, html, ui/ux, react. Worked on multiple projects involving responsive design, javascript. Strong background in frontend developer.","We are looking for a DevOps Engineer with strong skills in jenkins, kubernetes, aws, docker. The candidate should have experience with kubernetes, linux and a background in devops engineer.",0
"Experienced professional with 5 years of experience. Skilled in machine learning, data visualization, statistics, scikit-learn. Worked on multiple projects involving sql, statistics. Strong background in data scientist.","We are looking for a DevOps Engineer with strong skills in networking, kubernetes, docker, terraform. The candidate should have experience with kubernetes, jenkins and a background in devops engineer.",0
"Experienced professional with 8 years of experience. Skilled in deep learning, pandas, data visualization, numpy. Worked on multiple projects involving sql, python. Strong background in data scientist.","We are looking for a Digital Marketer with strong skills in copywriting, email marketing, google ads, analytics. The candidate should have experience with content strategy, social media and a background in digital marketer.",0
"Experienced professional with 2 years of experience. Skilled in webpack, ui/ux, react, html. Worked on multiple projects involving typescript, webpack. Strong background in frontend developer.","We are looking for a Digital Marketer with strong skills in copywriting, google ads, seo, content strategy. The candidate should have experience with social media, analytics and a background in digital marketer.",0
"Experienced professional with 5 years of experience. Skilled in scikit-learn, data visualization, pandas, sql. Worked on multiple projects involving statistics, scikit-learn. Strong background in data scientist.","We are looking for a DevOps Engineer with strong skills in docker, jenkins, networking, monitoring. The candidate should have experience with aws, monitoring and a background in devops engineer.",0
"Experienced professional with 2 years of experience. Skilled in linux, monitoring, networking, ci/cd. Worked on multiple projects involving docker, monitoring. Strong background in devops engineer.","We are looking for a Frontend Developer with strong skills in ui/ux, typescript, redux, css. The candidate should have experience with webpack, responsive design and a background in frontend developer.",0
"Experienced professional with 2 years of experience. Skilled in react, html, javascript, ui/ux. Worked on multiple projects involving redux, webpack. Strong background in frontend developer.","We are looking for a Frontend Developer with strong skills in responsive design, typescript, react, javascript. The candidate should have experience with css, html and a background in frontend developer.",1
"Experienced professional with 7 years of experience. Skilled in branding, content strategy, copywriting, email marketing. Worked on multiple projects involving analytics, content strategy. Strong background in digital marketer.","We are looking for a Digital Marketer with strong skills in branding, social media, copywriting, content strategy. The candidate should have experience with copywriting, analytics and a background in digital marketer.",1
"Experienced professional with 3 years of experience. Skilled in react, redux, ui/ux, javascript. Worked on multiple projects involving react, redux. Strong background in frontend developer.","We are looking for a Data Scientist with strong skills in scikit-learn, python, numpy, sql. The candidate should have experience with statistics, numpy and a background in data scientist.",0
"Experienced professional with 4 years of experience. Skilled in numpy, sql, machine learning, statistics. Worked on multiple projects involving react, jenkins. Strong background in data scientist.","We are looking for a Data Scientist with strong skills in pandas, deep learning, numpy, python. The candidate should have experience with pandas, statistics and a background in data scientist.",1
"Experienced professional with 8 years of experience. Skilled in branding, copywriting, google ads, social media. Worked on multiple projects involving sql, html. Strong background in digital marketer.","We are looking for a Digital Marketer with strong skills in seo, google ads, copywriting, social media. The candidate should have experience with google ads, content strategy and a background in digital marketer.",1
"Experienced professional with 7 years of experience. Skilled in email marketing, google ads, content strategy, branding. Worked on multiple projects involving google ads, seo. Strong background in digital marketer.","We are looking for a Data Scientist with strong skills in deep learning, scikit-learn, sql, numpy. The candidate should have experience with numpy, deep learning and a background in data scientist.",0
"Experienced professional with 10 years of experience. Skilled in react, css, html, responsive design. Worked on multiple projects involving typescript, html. Strong background in frontend developer.","We are looking for a Frontend Developer with strong skills in responsive design, redux, html, react. The candidate should have experience with css, react and a background in frontend developer.",1
"Experienced professional with 1 years of experience. Skilled in machine learning, sql, numpy, deep learning. Worked on multiple projects involving scikit-learn, statistics. Strong background in data scientist.","We are looking for a Data Scientist with strong skills in deep learning, data visualization, numpy, scikit-learn. The candidate should have experience with sql, statistics and a background in data scientist.",1
"Experienced professional with 7 years of experience. Skilled in kubernetes, networking, monitoring, terraform. Worked on multiple projects involving networking, aws. Strong background in devops engineer.","We are looking for a Frontend Developer with strong skills in typescript, javascript, redux, ui/ux. The candidate should have experience with html, responsive design and a background in frontend developer.",0
"Experienced professional with 1 years of experience. Skilled in networking, monitoring, aws, docker. Worked on multiple projects involving monitoring, networking. Strong background in devops engineer.","We are looking for a Data Scientist with strong skills in pandas, numpy, python, statistics. The candidate should have experience with pandas, python and a background in data scientist.",0
"Experienced professional with 8 years of experience. Skilled in deep learning, python, pandas, scikit-learn. Worked on multiple projects involving statistics, data visualization. Strong background in data scientist.","We are looking for a Data Scientist with strong skills in scikit-learn, deep learning, statistics, data visualization. The candidate should have experience with pandas, sql and a background in data scientist.",1
"Experienced professional with 5 years of experience. Skilled in email marketing, branding, analytics, copywriting. Worked on multiple projects involving linux, javascript. Strong background in digital marketer.","We are looking for a Digital Marketer with strong skills in seo, social media, analytics, content strategy. The candidate should have experience with branding, email marketing and a background in digital marketer.",1
"Experienced professional with 9 years of experience. Skilled in networking, kubernetes, ci/cd, aws. Worked on multiple projects involving ci/cd, aws. Strong background in devops engineer.","We are looking for a Frontend Developer with strong skills in webpack, css, ui/ux, typescript. The candidate should have experience with typescript, html and a background in frontend developer.",0
"Experienced professional with 7 years of experience. Skilled in networking, terraform, linux, kubernetes. Worked on multiple projects involving aws, terraform. Strong background in devops engineer.","We are looking for a DevOps Engineer with strong skills in linux, jenkins, ci/cd, monitoring. The candidate should have experience with docker, networking and a background in devops engineer.",1
"Experienced professional with 7 years of experience. Skilled in statistics, python, data visualization, pandas. Worked on multiple projects involving scikit-learn, machine learning. Strong background in data scientist.","We are looking for a Frontend Developer with strong skills in react, webpack, ui/ux, responsive design. The candidate should have experience with typescript, html and a background in frontend developer.",0
"Experienced professional with 5 years of experience. Skilled in branding, google ads, social media, copywriting. Worked on multiple projects involving content strategy, google ads. Strong background in digital marketer.","We are looking for a Digital Marketer with strong skills in seo, analytics, branding, content strategy. The candidate should have experience with social media, analytics and a background in digital marketer.",1
"Experienced professional with 9 years of experience. Skilled in ci/cd, networking, terraform, aws. Worked on multiple projects involving aws, linux. Strong background in devops engineer.","We are looking for a DevOps Engineer with strong skills in terraform, networking, jenkins, docker. The candidate should have experience with terraform, jenkins and a background in devops engineer.",1
"Experienced professional with 5 years of experience. Skilled in jenkins, terraform, aws, kubernetes. Worked on multiple projects involving docker, kubernetes. Strong background in devops engineer.","We are looking for a Frontend Developer with strong skills in css, javascript, react, ui/ux. The candidate should have experience with react, css and a background in frontend developer.",0
"Experienced professional with 1 years of experience. Skilled in statistics, deep learning, pandas, data visualization. Worked on multiple projects involving deep learning, sql. Strong background in data scientist.","We are looking for a Frontend Developer with strong skills in ui/ux, typescript, html, css. The candidate should have experience with webpack, html and a background in frontend developer.",0
"Experienced professional with 4 years of experience. Skilled in google ads, analytics, seo, content strategy. Worked on multiple projects involving python, docker. Strong background in digital marketer.","We are looking for a Digital Marketer with strong skills in copywriting, email marketing, social media, seo. The candidate should have experience with content strategy, seo and a background in digital marketer.",1
"Experienced professional with 1 years of experience. Skilled in terraform, monitoring, linux, kubernetes. Worked on multiple projects involving aws, docker. Strong background in devops engineer.","We are looking for a Frontend Developer with strong skills in html, react, redux, css. The candidate should have experience with typescript, css and a background in frontend developer.",0
"Experienced professional with 4 years of experience. Skilled in machine learning, statistics, scikit-learn, sql. Worked on multiple projects involving scikit-learn, pandas. Strong background in data scientist.","We are looking for a Data Scientist with strong skills in python, sql, pandas, deep learning. The candidate should have experience with statistics, numpy and a background in data scientist.",1
"Experienced professional with 2 years of experience. Skilled in content strategy, analytics, email marketing, social media. Worked on multiple projects involving social media, email marketing. Strong background in digital marketer.","We are looking for a Data Scientist with strong skills in statistics, numpy, python, deep learning. The candidate should have experience with machine learning, data visualization and a background in data scientist.",0
"Experienced professional with 4 years of experience. Skilled in ui/ux, redux, typescript, webpack. Worked on multiple projects involving javascript, typescript. Strong background in frontend developer.","We are looking for a Frontend Developer with strong skills in webpack, react, css, html. The candidate should have experience with ui/ux, typescript and a background in frontend developer.",1
"Experienced professional with 5 years of experience. Skilled in monitoring, aws, kubernetes, linux. Worked on multiple projects involving docker, linux. Strong background in devops engineer.","We are looking for a DevOps Engineer with strong skills in ci/cd, terraform, docker, kubernetes. The candidate should have experience with kubernetes, aws and a background in devops engineer.",1
"Experienced professional with 7 years of experience. Skilled in google ads, analytics, seo, social media. Worked on multiple projects involving seo, email marketing. Strong background in digital marketer.","We are looking for a Digital Marketer with strong skills in branding, email marketing, social media, google ads. The candidate should have experience with copywriting, analytics and a background in digital marketer.",1
"Experienced professional with 9 years of experience. Skilled in sql, statistics, data visualization, numpy. Worked on multiple projects involving pandas, statistics. Strong background in data scientist.","We are looking for a Data Scientist with strong skills in sql, data visualization, python, deep learning. The candidate should have experience with statistics, pandas and a background in data scientist.",1
"Experienced professional with 9 years of experience. Skilled in terraform, jenkins, docker, linux. Worked on multiple projects involving kubernetes, linux. Strong background in devops engineer.","We are looking for a DevOps Engineer with strong skills in jenkins, monitoring, docker, terraform. The candidate should have experience with networking, linux and a background in devops engineer.",1
"Experienced professional with 3 years of experience. Skilled in content strategy, seo, google ads, branding. Worked on multiple projects involving networking, typescript. Strong background in digital marketer.","We are looking for a Digital Marketer with strong skills in google ads, analytics, social media, copywriting. The candidate should have experience with seo, google ads and a background in digital marketer.",1
"Experienced professional with 8 years of experience. Skilled in machine learning, pandas, deep learning, python. Worked on multiple projects involving sql, python. Strong background in data scientist.","We are looking for a Frontend Developer with strong skills in javascript, webpack, html, responsive design. The candidate should have experience with responsive design, typescript and a background in frontend developer.",0
"Experienced professional with 10 years of experience. Skilled in numpy, statistics, pandas, scikit-learn. Worked on multiple projects involving sql, numpy. Strong background in data scientist.","We are looking for a DevOps Engineer with strong skills in kubernetes, networking, aws, docker. The candidate should have experience with networking, ci/cd and a background in devops engineer.",0
"Experienced professional with 2 years of experience. Skilled in google ads, analytics, social media, seo. Worked on multiple projects involving webpack, react. Strong background in digital marketer.","We are looking for a Frontend Developer with strong skills in typescript, react, responsive design, webpack. The candidate should have experience with webpack, react and a background in frontend developer.",0
"Experienced professional with 3 years of experience. Skilled in responsive design, redux, javascript, css. Worked on multiple projects involving html, redux. Strong background in frontend developer.","We are looking for a Frontend Developer with strong skills in webpack, typescript, responsive design, javascript. The candidate should have experience with typescript, react and a background in frontend developer.",1
